set,id,x,y
A,1,52.55343357,32.73337912
A,2,52.48355788,38.82722663
A,3,52.41326368,32.98496299
A,4,55.73208784,37.36036341
A,5,56.20954972,34.13423953
A,6,53.94031996,35.9012148
A,7,52.50857913,32.72524222
A,8,53.68518888,35.21911374
A,9,56.85467495,33.94090998
A,10,56.42133486,33.13566322
A,11,54.02924439,35.69788344
A,12,53.92737548,33.17155394
A,13,53.84745284,35.73718477
A,14,54.32099819,35.23783464
A,15,57.35744464,33.43928659
A,16,56.99375557,34.08945159
A,17,56.93400991,33.20733338
A,18,53.89025488,36.19892105
A,19,53.28313842,35.54355798
A,20,53.50428458,35.64526964
A,21,56.04477191,35.17285816
A,22,56.51473058,34.42573794
A,23,55.91894959,33.88510486
A,24,55.14525319,34.82586362
A,25,56.04990673,34.03342389
A,26,52.63971257,36.06772431
A,27,57.08991002,32.85726991
A,28,54.46005722,38.38568676
A,29,54.20676697,35.50342409
A,30,56.00017272,33.98249857
A,31,56.12582581,34.92495625
A,32,53.34584423,35.36755304
A,33,56.41856955,32.85026711
A,34,55.23553025,35.39693207
A,35,55.70880368,35.25636611
A,36,52.50223563,33.23895918
A,37,55.23895744,34.82698497
A,38,55.76713277,33.19484577
A,39,54.36813854,35.57382354
A,40,60.05102504,33.6068295
A,41,53.39769967,36.08073796
A,42,54.79921569,34.85134058
A,43,52.56118131,35.4400148
A,44,55.7491099,33.00006292
A,45,54.0438444,35.27596311
A,46,53.07731549,35.37760157
A,47,55.12681128,35.37921948
A,48,56.13626129,34.86673652
A,49,54.08390361,35.30300956
A,50,53.30672908,35.76201419
A,51,52.54122291,32.90897926
A,52,57.55200532,36.78778184
A,53,52.45840564,35.48531486
A,54,55.54099241,35.38645547
A,55,56.37981796,32.76544482
A,56,55.50550031,35.26406189
A,57,56.24469004,34.70338438
A,58,56.17879239,35.17650838
A,59,56.14110812,33.07542277
A,60,52.69012478,33.00136099
A,61,56.86383915,36.45606028
A,62,54.67873027,38.54565699
A,63,55.15821681,38.06151807
A,64,53.3409297,35.85945568
A,65,56.35410201,34.15975051
A,66,52.99912714,35.10718546
A,67,53.69261563,35.07527334
A,68,56.23692682,32.82599331
A,69,54.7985584,34.48651157
A,70,53.22531456,35.18056044
A,71,54.04789267,35.14835757
A,72,52.58743474,36.06581373
A,73,53.4931743,35.40712578
A,74,55.67136257,35.20776579
A,75,54.82168941,35.85842937
A,76,55.8766226,37.30987549
A,77,54.10121236,36.0332839
A,78,53.06170982,37.64939805
A,79,54.2564977,34.91429646
A,80,56.02543495,33.35630567
A,81,55.5423971,34.16382825
A,82,53.99709512,34.83778442
A,83,55.98281324,33.63512368
A,84,53.30197737,37.80488454
A,85,55.2038071,34.2356997
A,86,57.31196894,32.78283105
A,87,58.75705797,35.99886522
A,88,53.82008115,37.46671359
A,89,56.25167253,33.55984751
A,90,53.96065505,35.14424641
A,91,53.06634917,38.3476188
A,92,54.72499378,34.93155856
A,93,56.26243316,32.79863206
A,94,54.65870658,35.16884694
A,95,59.17290702,34.9603904
A,96,53.40665947,35.21169368
A,97,56.95333482,32.79418369
A,98,59.85506004,34.50409832
A,99,52.99581778,35.69077689
A,100,56.25496185,34.95898561
A,101,56.61948148,36.51795461
A,102,54.12308455,35.64222552
A,103,53.34523252,35.35902486
A,104,53.47912041,35.70328769
A,105,54.24302131,35.11469037
A,106,57.21577629,32.94753631
A,107,54.41436003,35.82683896
A,108,55.84965374,34.71106448
A,109,58.55374492,36.57437944
A,110,53.57584364,36.04033441
A,111,53.64927187,35.46464889
A,112,54.67108793,35.73424047
A,113,53.33502096,33.04992362
A,114,54.6144213,35.16134991
A,115,55.31213339,34.02250635
A,116,56.27122007,37.93727959
A,117,52.72473007,35.35201529
A,118,53.57135708,35.92847294
A,119,56.1328193,33.58984631
A,120,56.91606914,34.2252563
A,121,56.68019257,33.1457679
A,122,56.42114774,34.14481181
A,123,56.41856643,34.36338687
A,124,52.92345964,35.18412321
A,125,52.50034596,32.83704535
A,126,54.42634069,34.9468369
A,127,55.8824536,35.35535362
A,128,55.84586841,35.13698499
A,129,55.78916525,35.41509331
A,130,55.79386532,33.99203507
A,131,56.4650365,34.06021281
A,132,56.59630208,33.17192482
A,133,54.46776522,35.21464525
A,134,56.20822832,33.64625132
A,135,52.87591372,35.22972226
A,136,53.38725659,35.89729352
A,137,57.41282066,32.85202578
A,138,55.66822406,34.39503065
A,139,57.79885756,35.95676695
A,140,55.763455,37.8137717
A,141,56.80618252,32.93849062
A,142,55.68291132,33.32025068
A,143,55.29987637,34.40562181
A,144,55.91776694,34.83037051
A,145,52.57558236,38.24495656
A,146,52.91492026,36.03882193
A,147,55.79229765,33.78001765
A,148,56.79254604,34.29919481
A,149,53.09256649,35.5862726
A,150,52.52978521,35.13889668
A,151,54.06321882,35.01694227
A,152,52.96777825,36.26851525
A,153,54.23668896,34.83818543
A,154,54.4558328,35.38545839
A,155,54.55726427,35.04566294
A,156,59.35755739,35.14071703
A,157,52.69558519,33.40680076
A,158,55.86166009,34.51812831
A,159,55.72721963,35.36811528
A,160,52.47988999,32.8088812
A,161,52.85816427,35.80699919
A,162,56.33708123,33.79766167
A,163,55.99671017,32.84552311
A,164,53.61782671,36.22190222
A,165,56.6780733,33.46153243
A,166,55.95290886,34.73783744
A,167,59.99404037,33.69039093
A,168,53.43892529,36.21772873
A,169,56.42517132,32.8500897
A,170,54.22989269,34.9630914
A,171,59.72640129,34.21391839
A,172,56.18435233,33.41258463
A,173,55.7569005,33.79425532
A,174,56.12091289,32.95247722
A,175,56.87093352,33.29416758
A,176,57.96458275,36.97852491
A,177,56.03710527,33.46790729
A,178,56.1068089,33.05190457
A,179,52.90913735,35.65752503
A,180,53.08023391,33.09388373
A,181,52.95850718,32.91546325
A,182,56.11999429,34.06830529
A,183,54.3168911,34.94647395
A,184,58.21178554,36.99252208
A,185,53.2978749,35.55098432
A,186,56.74165615,33.16392312
A,187,56.7342003,33.35764526
A,188,56.69936858,34.54259985
A,189,54.75012412,35.48930648
A,190,53.43388224,32.9732569
A,191,56.12174134,33.8405696
A,192,55.56500352,34.65563722
A,193,54.00734312,35.00529515
A,194,55.84515993,32.77631969
A,195,52.87309975,32.96658011
A,196,55.72607755,33.33088402
A,197,54.07085438,35.51117473
A,198,53.94398746,35.91600971
A,199,55.24538081,35.36828529
A,200,52.61714268,33.51043175
A,201,53.51830781,35.2321725
A,202,56.06676734,33.7197302
A,203,60.49859257,32.81175697
A,204,52.61761051,33.09243092
A,205,52.5042427,32.71765592
A,206,55.33991485,34.17898387
A,207,53.8256824,35.3208544
A,208,53.05969096,38.45584829
A,209,53.12821411,35.70559131
A,210,52.79488778,36.31793107
A,211,54.47472576,34.78372955
A,212,52.53805633,35.18677452
A,213,53.04155234,35.68345519
A,214,53.73341624,35.11021164
A,215,52.77019649,35.26894775
A,216,56.31835826,33.40751204
A,217,55.74199604,33.64363272
A,218,56.11511855,33.06951517
A,219,53.701566,35.37453218
A,220,55.74840654,33.38442464
A,221,55.43066761,35.09066451
A,222,58.94499489,34.96795536
A,223,55.56674819,34.70283761
A,224,52.83112825,33.2792556
A,225,56.29368385,33.62408147
A,226,55.90768528,33.71564373
A,227,56.1085172,34.37950475
A,228,53.63343216,33.11746737
A,229,53.93675663,35.60479335
A,230,53.86815207,35.93284624
A,231,52.95613381,36.16334326
A,232,53.4600961,36.09126962
A,233,56.77641509,37.89093751
A,234,56.13254518,34.90405957
A,235,55.10606991,35.71044255
A,236,53.22377293,36.13108405
A,237,56.2814243,32.94272608
A,238,55.89963322,32.99330554
A,239,54.66338137,35.77279812
A,240,52.51417083,36.13968619
A,241,52.48019097,32.75208707
A,242,55.1071502,34.44298189
A,243,57.06437552,32.80711632
A,244,55.44973656,34.03621656
A,245,58.57677429,34.81330176
A,246,52.45200654,32.7449858
A,247,56.38991381,34.24646869
A,248,53.05964066,35.32278809
A,249,54.89210714,38.09547158
A,250,56.29539341,34.72169202
A,251,60.90279897,32.65522957
A,252,52.844171,32.62368849
A,253,54.78873694,29.63817261
A,254,58.90490559,30.37310186
A,255,54.23604959,29.93785684
A,256,56.85765139,31.60118054
A,257,52.48032758,32.67087102
A,258,55.99959618,31.73362725
A,259,54.21384036,29.4978168
A,260,53.06306316,29.78647581
A,261,56.59473796,31.49127658
A,262,53.04194372,31.60405591
A,263,56.70537089,31.69041644
A,264,56.04101983,31.33107446
A,265,53.46400769,29.17046117
A,266,54.39709357,29.38512185
A,267,53.07899916,29.48601371
A,268,57.15409959,31.59693805
A,269,56.44074478,32.13411643
A,270,56.56694695,31.89582695
A,271,55.89171679,30.01426775
A,272,54.7329791,29.75980785
A,273,54.02844326,30.19576174
A,274,55.35534819,30.66381619
A,275,54.23762843,30.10768269
A,276,57.02647003,32.5148983
A,277,52.63779199,29.2831802
A,278,60.32134866,31.22917429
A,279,56.25234031,31.4112229
A,280,54.18616964,30.18515306
A,281,55.51124795,30.11855618
A,282,56.1506954,32.01638357
A,283,52.5956759,29.82947331
A,284,56.11828872,30.56323644
A,285,56.0225533,30.2977551
A,286,53.11348322,32.63329851
A,287,55.35769436,30.70927464
A,288,53.14337268,30.34368846
A,289,56.36330583,31.26456422
A,290,53.62908056,27.21100142
A,291,57.21861711,31.9673865
A,292,55.4426866,30.99359082
A,293,56.34933947,32.67194469
A,294,52.81790155,30.26178646
A,295,55.9747831,31.46489473
A,296,56.23805238,32.26099501
A,297,56.19805109,30.72143286
A,298,55.35848582,30.02520908
A,299,55.99611173,31.40576569
A,300,56.58882743,32.08691424
A,301,52.61839314,32.63677747
A,302,58.08762563,28.95568141
A,303,56.2700862,32.6567956
A,304,56.25066512,30.37929515
A,305,52.45928695,29.89336075
A,306,56.06529001,30.43368081
A,307,55.19845758,29.96004047
A,308,55.77506483,30.04919366
A,309,52.86944237,29.96447297
A,310,52.88971863,32.51419397
A,311,57.74629438,29.50477623
A,312,60.4251993,31.07538104
A,313,59.87762829,30.79040095
A,314,56.81950193,32.073813
A,315,54.37542508,29.86949375
A,316,55.75050359,32.24689664
A,317,55.74443559,31.82601199
A,318,52.65190236,29.94151165
A,319,54.99748862,30.95736481
A,320,55.77053132,32.12668003
A,321,55.86036103,31.58749307
A,322,57.09473938,32.57029605
A,323,56.1087874,31.84103307
A,324,55.8788977,30.31587241
A,325,56.83413884,30.91773763
A,326,58.89544039,30.19124675
A,327,56.97213255,31.40219757
A,328,59.27559099,32.29319016
A,329,55.4311867,31.31954174
A,330,53.23930258,30.12468353
A,331,54.43426234,30.44243903
A,332,55.43965861,31.57966976
A,333,53.71792582,30.08663713
A,334,59.48495512,32.03057506
A,335,54.55138439,30.74244739
A,336,52.53590962,29.19661047
A,337,57.07128998,28.08680893
A,338,59.07040132,31.69461689
A,339,53.67569959,29.96804483
A,340,55.76657165,31.62796761
A,341,60.24438841,32.15771627
A,342,55.44795736,31.08827621
A,343,52.59132232,29.89938202
A,344,55.88022517,31.04432822
A,345,55.52852242,27.82920469
A,346,55.82842773,32.0272998
A,347,52.51605292,29.37935232
A,348,54.92606827,27.27238434
A,349,56.56652117,32.27792601
A,350,55.43085098,29.92960724
A,351,57.80635464,29.65260021
A,352,56.44476258,31.46920594
A,353,55.94893582,32.01197143
A,354,56.62326227,31.94649675
A,355,55.73541067,31.36295407
A,356,52.74211629,29.3272994
A,357,56.78818469,31.19038622
A,358,55.13947847,30.23684003
A,359,57.7263713,28.29395634
A,360,56.98328881,31.86436131
A,361,56.23621556,31.81119162
A,362,56.61734141,31.07627803
A,363,52.88741726,32.01606224
A,364,55.73904859,31.15073191
A,365,54.33254848,30.61323247
A,366,59.61265641,29.85967759
A,367,56.20958059,32.49160255
A,368,56.86510587,31.88913759
A,369,53.68884293,30.05960594
A,370,54.50917858,29.42413248
A,371,52.98498895,29.66650309
A,372,54.39421172,29.85233192
A,373,54.76901934,29.80932063
A,374,55.82738718,32.34485008
A,375,52.59315965,32.66813972
A,376,55.48195508,31.20683323
A,377,56.16820359,30.244032
A,378,55.80263897,30.23578278
A,379,56.07985921,30.1977176
A,380,54.21594,30.23048764
A,381,54.34032884,29.81628704
A,382,53.05177804,29.68357284
A,383,55.83888183,31.27466139
A,384,53.74116225,29.94931398
A,385,55.85335726,32.36638942
A,386,56.88722704,32.0051927
A,387,52.57283577,29.06530962
A,388,54.74768748,30.36637292
A,389,57.02069189,28.83939772
A,390,59.44783097,30.2525834
A,391,52.66993593,29.52058531
A,392,53.32847108,30.32840969
A,393,54.84533742,30.51964619
A,394,55.3113329,30.13263046
A,395,60.1200011,32.54785656
A,396,57.01291652,32.33472945
A,397,53.84127177,30.26340166
A,398,54.69376941,29.55827444
A,399,56.38856859,32.12321812
A,400,55.82566501,32.60732181
A,401,55.67061784,31.53453432
A,402,57.34252049,32.247304
A,403,55.42951133,31.3913586
A,404,56.23897715,31.19847031
A,405,55.53058819,31.14707793
A,406,55.73647602,27.66718728
A,407,53.36515789,32.51661632
A,408,54.94137552,30.26969021
A,409,56.18956357,30.29751301
A,410,52.64026256,32.69197805
A,411,56.71347901,32.41839416
A,412,53.9288858,29.92498799
A,413,52.61463021,30.06932512
A,414,57.23137671,31.80727049
A,415,53.35349449,29.61939811
A,416,55.07639077,30.13064757
A,417,53.7019519,27.28167049
A,418,57.29656282,32.03178823
A,419,52.59429625,29.82975307
A,420,55.65001251,31.34473391
A,421,54.57968455,27.41884344
A,422,53.37208266,29.95755296
A,423,53.91508926,30.30518943
A,424,52.79445299,29.96652673
A,425,53.26995967,29.52140584
A,426,58.32902018,28.74631214
A,427,53.42614419,30.08661545
A,428,52.94342993,30.05255139
A,429,56.55376282,32.22584153
A,430,52.92538724,32.19723222
A,431,52.67541603,32.33302535
A,432,54.22868868,30.04879263
A,433,55.63483821,31.27177265
A,434,58.36807534,28.53452186
A,435,56.27345749,32.07293799
A,436,53.0815369,29.51779962
A,437,53.30970011,29.66035051
A,438,55.00290518,29.60552736
A,439,56.29488793,30.97955811
A,440,52.77728229,31.90289921
A,441,53.99082725,30.08595346
A,442,55.19513321,30.45756286
A,443,55.55819021,31.51695671
A,444,52.47257927,30.26642218
A,445,52.7153936,32.32274986
A,446,53.20455097,30.30466693
A,447,56.38629022,31.49054174
A,448,56.8038558,31.58365637
A,449,56.03379256,30.64023643
A,450,53.4538971,32.59748104
A,451,55.99793605,31.91228139
A,452,53.74720929,30.05360215
A,453,52.60176868,26.91005658
A,454,52.80855908,32.54954543
A,455,52.49103571,32.69082279
A,456,54.3979283,30.60309117
A,457,56.10048701,31.74451253
A,458,60.43459706,32.30739673
A,459,56.6071759,32.17939746
A,460,57.43304217,32.42343319
A,461,55.21436899,31.27714706
A,462,55.90733456,32.59019819
A,463,56.54007092,32.21675234
A,464,55.79888213,31.77031809
A,465,55.88819197,32.43968382
A,466,53.30563289,29.85389973
A,467,53.80136983,30.3294193
A,468,52.82742115,30.02520388
A,469,56.20938232,31.78835247
A,470,53.38709223,30.26853089
A,471,55.82134612,30.50337217
A,472,55.55701924,27.99379049
A,473,55.16955404,30.48698528
A,474,53.1647546,32.43326723
A,475,53.6592738,29.89692744
A,476,53.675007,30.16920587
A,477,54.69032633,30.07910725
A,478,52.95673748,31.85982378
A,479,56.51842579,31.6147597
A,480,56.90918122,31.64885404
A,481,57.19917171,32.25378395
A,482,57.11934464,31.94015477
A,483,59.63402548,29.52045255
A,484,55.36083686,29.97167861
A,485,56.60272893,30.75270721
A,486,57.20092324,32.07330514
A,487,52.74066667,30.00494141
A,488,52.78741362,30.19735945
A,489,56.60308832,30.98930441
A,490,57.31149625,32.67020677
A,491,52.43010286,32.7102367
A,492,54.82143517,30.72737908
A,493,52.52282026,29.30464276
A,494,54.26431646,30.61722667
A,495,55.45431823,28.22956061
A,496,52.48377266,32.59548572
A,497,54.59890586,29.78638454
A,498,56.01389477,32.17899565
A,499,59.96179647,30.91397559
A,500,55.34674724,29.9933777
A,501,43.93393892,32.69237991
A,502,51.99381298,32.72142166
A,503,50.04251524,35.8156564
A,504,45.94596947,35.05297962
A,505,50.49904018,35.46334416
A,506,47.99368621,33.80324809
A,507,52.36090309,32.80820461
A,508,48.9006038,33.64965931
A,509,50.64413218,35.91125218
A,510,51.71966444,35.53107167
A,511,48.22305382,33.89721175
A,512,51.71860305,33.7456054
A,513,48.10896331,33.78337802
A,514,48.8718355,34.00463494
A,515,51.38645187,36.17223902
A,516,50.39220055,35.94527242
A,517,51.80261523,35.9835215
A,518,47.57915314,33.77535533
A,519,48.47959797,33.29957449
A,520,48.28629227,33.48625362
A,521,48.96718325,35.31347841
A,522,50.1216325,35.61631986
A,523,50.77905817,35.27692294
A,524,49.47876576,34.72667053
A,525,50.46862385,35.33632116
A,526,47.73535118,32.87921832
A,527,52.2206876,36.04836461
A,528,44.43596624,34.12148139
A,529,48.4203255,34.01398616
A,530,50.6128798,35.22277346
A,531,49.36798441,35.36245905
A,532,48.67151376,33.3952457
A,533,52.19215919,35.59919921
A,534,48.70184041,34.78949034
A,535,48.85276812,35.03339595
A,536,51.65327107,32.70247435
A,537,49.41775084,34.71967616
A,538,51.72538397,35.06040191
A,539,48.41988475,34.12456791
A,540,51.14541953,38.21654145
A,541,47.67886343,33.40861691
A,542,49.39667643,34.39393404
A,543,48.47970942,32.80492436
A,544,51.99434689,35.11207343
A,545,48.8686449,33.83137759
A,546,48.70534751,33.2273389
A,547,48.68494508,34.68283834
A,548,49.40693049,35.34222477
A,549,48.75505166,33.9883063
A,550,48.14061311,33.33070607
A,551,52.22449501,32.71770249
A,552,46.65065356,36.41962091
A,553,48.57524704,32.7204341
A,554,48.54684184,34.98234577
A,555,52.27775174,35.55983429
A,556,48.69300905,34.95863036
A,557,49.68555124,35.45018065
A,558,49.1130337,35.42307205
A,559,51.94420032,35.38208485
A,560,51.85233765,32.87428472
A,561,47.16221477,35.90308408
A,562,44.33568581,34.33038791
A,563,44.93739008,34.60583242
A,564,48.05888016,33.31355698
A,565,50.44139075,35.57298842
A,566,48.96325835,33.15286657
A,567,49.00818211,33.55068925
A,568,52.18989331,35.49232947
A,569,49.87802112,34.4220896
A,570,49.00946184,33.30881534
A,571,48.94709911,33.91576167
A,572,47.75007082,32.88048309
A,573,48.7028734,33.48704212
A,574,48.86878251,35.08894586
A,575,48.05072868,34.455826
A,576,45.93285345,35.19219887
A,577,47.78057517,33.95831122
A,578,45.58638542,33.15093756
A,579,49.25588619,34.05840009
A,580,51.49901354,35.333997
A,581,50.41507042,34.9189378
A,582,49.39624443,33.8479472
A,583,51.08888671,35.28058687
A,584,45.17479718,33.30190184
A,585,50.26924057,34.72617177
A,586,52.26417446,36.21282373
A,587,47.68737427,37.34255637
A,588,45.70536417,33.7072542
A,589,51.15521749,35.4846093
A,590,49.0736997,33.73363881
A,591,44.62336194,33.17479008
A,592,49.36570456,34.36079998
A,593,52.18026396,35.46404565
A,594,48.89564008,34.28136972
A,595,49.38313816,37.59740899
A,596,48.88770417,33.46517639
A,597,52.37075299,36.00217944
A,598,49.93027171,38.03940999
A,599,48.23970549,33.13628413
A,600,49.2481137,35.45600663
A,601,46.99009483,35.76374039
A,602,48.3839857,33.92500252
A,603,48.73060697,33.37922862
A,604,48.17913473,33.4947015
A,605,49.09845517,34.03643229
A,606,52.02440749,36.06252473
A,607,47.98057124,34.18945734
A,608,49.60969119,35.12741344
A,609,47.09946859,37.16266817
A,610,47.848864,33.50112367
A,611,48.54437068,33.59851364
A,612,48.14693201,34.26675773
A,613,51.9497265,33.38389555
A,614,49.03620907,34.26706856
A,615,50.49729951,34.74063443
A,616,45.08329408,35.44546329
A,617,48.59559387,32.97638222
A,618,47.8774414,33.52004912
A,619,51.17041389,35.33692358
A,620,50.13038679,35.97461364
A,621,51.7625314,35.82021798
A,622,50.35775188,35.50773664
A,623,49.98494172,35.63817644
A,624,48.95733669,33.10969828
A,625,52.11805381,32.80587445
A,626,49.27078818,34.13372621
A,627,48.67935575,35.20744389
A,628,49.01388204,35.14308631
A,629,48.6219524,35.13453173
A,630,50.53384739,35.14087753
A,631,50.49043259,35.63205085
A,632,51.71976082,35.70046274
A,633,48.85472425,34.12074749
A,634,51.04021559,35.44920933
A,635,48.84440541,33.01581123
A,636,47.92472356,33.38814087
A,637,52.19879465,36.29503378
A,638,50.14094598,35.03135988
A,639,47.82260924,36.57994611
A,640,45.35021709,35.12461044
A,641,52.11704392,35.93678324
A,642,51.42289859,35.0266207
A,643,49.98092107,34.86874331
A,644,49.37728457,35.19903352
A,645,44.63308792,32.82770148
A,646,47.7354831,33.06633983
A,647,51.01038465,35.15322151
A,648,50.20846786,35.91250574
A,649,48.45751416,33.26250487
A,650,48.97570689,32.80395438
A,651,49.12740953,33.92180463
A,652,47.39465261,33.15768545
A,653,49.383608,33.99940313
A,654,48.6299146,34.17521671
A,655,49.27140352,34.28913186
A,656,49.05690013,37.69151062
A,657,51.38729648,32.9493939
A,658,49.92682563,35.18283703
A,659,48.60863787,35.09353832
A,660,52.19441822,32.76448623
A,661,48.07089841,33.01740666
A,662,50.97243322,35.49379111
A,663,52.15324907,35.30374662
A,664,47.59836439,33.59151251
A,665,51.41227826,35.836194
A,666,49.67506986,35.30619697
A,667,50.96527942,38.12351989
A,668,47.46260767,33.40350965
A,669,52.22163834,35.67752082
A,670,49.21472363,34.02957885
A,671,50.15808967,37.95425059
A,672,51.42835323,35.38740429
A,673,50.81399667,35.08837801
A,674,51.98682862,35.39916638
A,675,51.47702606,35.87953254
A,676,46.40482267,36.63562185
A,677,51.33527536,35.27608897
A,678,51.89211474,35.3749604
A,679,48.28985243,33.13853603
A,680,51.8267517,33.20368993
A,681,52.13738708,33.07934706
A,682,50.5612185,35.32817629
A,683,49.2468134,34.15831973
A,684,46.47520125,36.8889193
A,685,48.48912541,33.34426428
A,686,51.76705188,35.89601337
A,687,51.49265885,35.71340742
A,688,49.83025525,35.85745571
A,689,48.46333356,34.44194574
A,690,52.05672297,33.54401178
A,691,50.82680514,35.34811553
A,692,49.674111,34.95832003
A,693,49.20791693,33.87527138
A,694,52.27777431,35.13463531
A,695,52.0134689,33.07390251
A,696,51.47836712,35.09823718
A,697,48.40862601,33.97446761
A,698,47.93258845,33.84309245
A,699,48.78696928,34.74128649
A,700,51.27771602,32.81954536
A,701,48.81752621,33.5751034
A,702,51.07702326,35.34814581
A,703,52.24292567,38.511064
A,704,51.86001202,32.89829095
A,705,52.36446287,32.70390479
A,706,50.39819152,34.71461568
A,707,48.61868406,33.70636629
A,708,44.42377174,33.14251291
A,709,48.18982631,33.24516765
A,710,47.46673701,32.97972973
A,711,49.62073003,34.20662754
A,712,48.93286412,32.82670951
A,713,48.1658867,33.12842437
A,714,49.01776681,33.63822565
A,715,48.86731941,32.94946613
A,716,51.49627167,35.49239632
A,717,50.96304825,35.11308875
A,718,51.96293308,35.37605523
A,719,48.68198153,33.69168297
A,720,51.44308761,35.17424065
A,721,48.88367979,34.82673642
A,722,49.23585099,37.35917576
A,723,49.6469618,34.95033102
A,724,51.5856558,33.02356359
A,725,51.09494737,35.5163396
A,726,51.05263904,35.32719156
A,727,50.12401566,35.39774138
A,728,51.88243285,33.57617005
A,729,48.33493562,33.81377952
A,730,47.91409006,33.7999869
A,731,47.62268629,33.10264262
A,732,47.63255052,33.44866388
A,733,45.14052915,35.94463378
A,734,49.2903472,35.37678427
A,735,48.26003404,34.56613054
A,736,47.57808396,33.38375079
A,737,52.00422557,35.51268847
A,738,52.00331228,35.31602411
A,739,48.13725532,34.38164997
A,740,47.52373006,32.71021146
A,741,52.45696946,32.69713699
A,742,49.96052773,34.66497914
A,743,52.29724025,36.05035461
A,744,50.58691116,34.79253453
A,745,49.39056621,37.13012931
A,746,52.32720828,32.76960666
A,747,50.30166062,35.61394744
A,748,48.74500329,33.25029669
A,749,44.88916413,34.42757325
A,750,49.53123909,35.45111516
A,751,52.34366385,26.59231225
A,752,52.40505454,32.35490019
A,753,48.13434604,30.86982769
A,754,49.23632464,28.06127648
A,755,48.52039333,31.26161603
A,756,50.92625286,29.51301526
A,757,52.37996076,32.60354985
A,758,51.01148881,30.16237193
A,759,47.9039566,31.46289998
A,760,48.47008833,32.20832059
A,761,50.79691282,29.71769871
A,762,50.92439887,32.22043941
A,763,50.91741103,29.63395993
A,764,50.64015036,30.101769
A,765,47.55334478,31.92001042
A,766,47.87124176,31.28228067
A,767,47.90556974,32.24312664
A,768,50.81201823,29.27923537
A,769,51.52822315,29.83847131
A,770,51.31238617,29.72658534
A,771,48.66905049,30.22883154
A,772,48.20895218,31.07727651
A,773,48.85915324,31.56675265
A,774,49.4877539,30.56608828
A,775,48.76282516,31.31347859
A,776,52.10134442,29.32447573
A,777,47.6381182,32.55747255
A,778,50.37803682,27.02547977
A,779,50.49360909,29.82454264
A,780,48.79718786,31.4167362
A,781,48.65131209,30.50802815
A,782,51.4876023,30.01387001
A,783,48.41018661,32.59117842
A,784,49.49877038,30.01599556
A,785,49.14704955,30.10660884
A,786,52.38969835,32.19062721
A,787,49.59021197,30.58099238
A,788,48.98870433,32.14852909
A,789,50.41041341,29.7942128
A,790,44.72483788,31.84396577
A,791,51.4195211,29.23485532
A,792,50.0522482,30.54918386
A,793,52.25892312,29.86629775
A,794,49.01480851,32.39927501
A,795,50.70582036,30.19391656
A,796,51.70304753,29.97759033
A,797,49.69822969,29.99972938
A,798,48.65558228,30.60185379
A,799,50.60383593,30.16801813
A,800,51.44086227,29.65240013
A,801,52.29934504,32.50631559
A,802,47.20030464,28.55380775
A,803,52.29550216,29.93955346
A,804,49.2678194,30.00065567
A,805,48.43192342,32.73878754
A,806,49.28167455,30.05658536
A,807,48.63561752,30.75452302
A,808,48.61036692,30.3037793
A,809,48.68759517,32.33814243
A,810,52.10636899,32.38661393
A,811,47.87636335,28.98131384
A,812,50.04710631,26.88587292
A,813,49.75198733,27.31528021
A,814,51.46660456,29.55339259
A,815,48.45169302,31.2911231
A,816,51.77405624,30.27374652
A,817,51.06552402,30.32180788
A,818,48.51168536,32.53732083
A,819,50.02461426,30.86021791
A,820,51.53922389,30.25078292
A,821,50.7163426,30.2644546
A,822,52.25924614,29.37198907
A,823,51.13060252,30.05311923
A,824,49.08122678,30.10035011
A,825,49.9004546,29.51057349
A,826,48.95261633,28.07315098
A,827,50.63620741,29.37109304
A,828,51.87926131,27.79976704
A,829,50.48833381,30.48338955
A,830,48.729811,32.09361462
A,831,49.26418012,31.190861
A,832,50.77025612,30.53963414
A,833,48.77149668,31.75245292
A,834,51.55268862,27.52397445
A,835,49.52977469,31.12898888
A,836,47.45616459,32.66361011
A,837,46.06204585,29.27815816
A,838,51.00424532,27.9037072
A,839,48.57415521,31.8375593
A,840,50.87822856,30.23345355
A,841,51.71750516,27.0672384
A,842,50.11492701,30.51167394
A,843,48.56698511,32.58395173
A,844,50.12745308,30.24254084
A,845,45.5404558,30.48637196
A,846,51.36365705,30.22525612
A,847,47.77987376,32.60584734
A,848,44.94801339,30.94342973
A,849,51.73018876,29.70500477
A,850,48.53572975,30.4443483
A,851,48.11456914,28.8252991
A,852,50.7468908,29.73431002
A,853,51.39034669,30.06842325
A,854,51.38622772,29.65582506
A,855,50.64290683,30.33103549
A,856,47.69106364,32.47353385
A,857,50.312696,29.56975956
A,858,48.95249021,30.69585184
A,859,46.22354792,28.85866242
A,860,51.2692262,29.42877571
A,861,51.14430273,29.96434463
A,862,50.09535851,29.65653327
A,863,51.47897435,32.32450903
A,864,50.15868656,30.29011464
A,865,49.57802772,31.34780057
A,866,48.59633718,27.45410911
A,867,52.09184397,30.00184166
A,868,51.18229796,29.50064888
A,869,48.68968835,31.82378089
A,870,47.77841644,31.16524197
A,871,48.20907852,32.23914029
A,872,48.46553407,31.27149231
A,873,48.42502983,31.00137424
A,874,51.84113646,30.22455974
A,875,52.23552065,32.50292659
A,876,50.39004361,30.41182423
A,877,48.84951886,30.07858258
A,878,49.03011633,30.26045096
A,879,48.90911004,30.03637312
A,880,49.01585511,31.33318126
A,881,48.39266735,31.28993643
A,882,48.09179998,32.26649197
A,883,50.43448623,30.19537466
A,884,48.56609141,31.7084907
A,885,51.92440353,30.18232479
A,886,51.43610441,29.48685774
A,887,47.36007111,32.56204332
A,888,49.15689652,31.07808701
A,889,47.01822368,29.45677518
A,890,48.99956648,27.59033954
A,891,47.95486149,32.44129222
A,892,49.08524865,32.05829238
A,893,49.40168265,30.95939003
A,894,48.90439399,30.58940378
A,895,52.25650122,27.14242494
A,896,51.8568508,29.36344614
A,897,49.00837965,31.70563144
A,898,48.02289003,31.07287421
A,899,51.62385541,29.80141555
A,900,52.22744314,30.24960801
A,901,50.76635286,30.3879147
A,902,51.8001424,29.1035741
A,903,50.60743989,30.56578194
A,904,50.26416113,29.92928335
A,905,50.24529325,30.34604978
A,906,45.3976703,30.28894939
A,907,52.19857051,31.97249574
A,908,48.91107295,30.87193454
A,909,49.08982133,30.00997996
A,910,52.32243087,32.56023072
A,911,51.87422705,29.59524109
A,912,48.46892845,31.66211212
A,913,48.7111423,32.56062046
A,914,51.15221227,29.19239896
A,915,48.16750038,31.93677034
A,916,48.79818638,30.74081827
A,917,44.94965282,31.70449776
A,918,51.37783085,29.17502307
A,919,48.33747031,32.49421501
A,920,50.55458903,30.42783649
A,921,45.09667845,31.11543926
A,922,48.64663943,31.9865448
A,923,49.05323558,31.58431136
A,924,48.64485533,32.39411778
A,925,47.9779963,32.04262327
A,926,46.84457835,28.41688454
A,927,48.92102773,31.91733657
A,928,48.66838679,32.42305478
A,929,51.83363031,29.67407827
A,930,51.7730716,32.36117158
A,931,51.76364832,32.53631894
A,932,48.73319604,31.33870974
A,933,50.41203781,30.41013119
A,934,46.53426791,28.45465133
A,935,51.42758921,29.84446678
A,936,48.03946189,32.23438211
A,937,48.0583431,32.11820054
A,938,48.04958572,30.91500419
A,939,50.02535273,29.91082495
A,940,51.29129488,32.45729107
A,941,48.71766129,31.54193733
A,942,49.16883541,30.71606325
A,943,50.78106571,30.44557228
A,944,49.01863424,32.60423014
A,945,51.93964554,32.41170101
A,946,49.07910419,32.06416457
A,947,50.65841098,29.80406833
A,948,50.77456959,29.51376812
A,949,49.64131664,30.05258156
A,950,52.21291935,31.90717319
A,951,51.21909246,30.12916843
A,952,48.73286601,31.71794516
A,953,44.30498031,32.52671571
A,954,52.20436758,32.28170392
A,955,52.355118,32.62045469
A,956,49.50484479,31.18780991
A,957,50.97752454,30.05537685
A,958,51.8132763,26.98809948
A,959,51.64852173,29.62738261
A,960,52.03673007,29.19888481
A,961,50.32429258,30.67114939
A,962,52.2721825,30.20337616
A,963,51.78297389,29.71674991
A,964,51.07367814,30.34695845
A,965,52.01750641,30.17596089
A,966,48.44415313,31.99362694
A,967,48.98808536,31.76600287
A,968,48.59394938,32.35033824
A,969,51.08378083,30.02303312
A,970,49.03513907,32.06669475
A,971,49.40912181,30.23772895
A,972,45.83579026,30.51356486
A,973,49.26341496,30.73145644
A,974,52.01292437,32.14083722
A,975,48.49812834,31.75175783
A,976,48.86396048,31.75197159
A,977,48.80121027,31.02632584
A,978,51.20690741,32.33976537
A,979,50.83908546,29.75654013
A,980,50.93595358,29.4358882
A,981,51.78531942,29.19390512
A,982,51.38805283,29.34115599
A,983,47.8942203,27.54129494
A,984,48.713205,30.48501778
A,985,49.74543888,29.66848803
A,986,51.50411496,29.2046582
A,987,48.64136722,32.47438911
A,988,48.82877456,32.3839735
A,989,50.08019337,29.62416099
A,990,52.32959002,29.21374888
A,991,52.36759076,32.72238801
A,992,49.62046773,30.95637248
A,993,47.62396459,32.55343691
A,994,49.4418273,31.34759572
A,995,46.1087516,30.51107282
A,996,52.36280849,32.69854251
A,997,48.36207594,31.14828246
A,998,51.65721875,30.038536
A,999,50.00866705,27.29981637
A,1000,48.62103048,30.6101606
B,1,52.43084135,32.69469998
B,2,55.42796785,35.16186594
B,3,56.01235482,35.24219847
B,4,55.51459509,34.35321168
B,5,56.37528164,35.37704732
B,6,56.51421115,36.09564722
B,7,52.52175856,32.79315641
B,8,56.4434202,35.11193843
B,9,56.09864328,34.99665177
B,10,54.80878593,34.54828782
B,11,57.21140268,35.19798905
B,12,55.11359389,34.49295122
B,13,54.89885829,34.77769092
B,14,55.43665244,36.32253304
B,15,58.05157091,35.93783361
B,16,55.77715006,35.10977228
B,17,54.93365724,34.52384552
B,18,54.13999615,33.77574712
B,19,55.28205361,34.44642356
B,20,54.36417621,34.00674905
B,21,55.3136271,34.52218054
B,22,56.16116097,34.99145828
B,23,54.4299359,34.11919432
B,24,57.32166391,38.00083067
B,25,55.88010883,34.88073323
B,26,56.7865631,35.90306017
B,27,52.71334717,32.89644183
B,28,55.71678946,35.87097153
B,29,53.80618586,33.7614465
B,30,56.74904543,35.49427479
B,31,56.35211423,34.83371278
B,32,54.88607112,34.52766036
B,33,57.17632609,35.86594756
B,34,54.62708856,34.28488579
B,35,54.37094231,34.54263623
B,36,54.09673486,34.05210191
B,37,54.52960944,34.4591718
B,38,56.57326829,35.68674642
B,39,56.4006883,35.00420322
B,40,56.95470892,35.56733845
B,41,54.8920521,34.58565655
B,42,55.76467765,35.30165279
B,43,55.98374386,34.93102849
B,44,53.81260622,33.52668113
B,45,57.20827803,36.71747974
B,46,55.39403435,35.10843759
B,47,56.46837264,35.41496805
B,48,56.87992708,35.50179138
B,49,55.3547266,34.82405803
B,50,55.28154537,34.3715901
B,51,56.68236419,35.50498311
B,52,54.11881951,33.98542736
B,53,58.0128968,36.40827677
B,54,54.54874372,34.69239969
B,55,58.11802426,35.74629687
B,56,58.16594715,35.42849408
B,57,55.36668239,35.03496436
B,58,55.73351384,35.65508413
B,59,54.24298449,33.93910436
B,60,55.76138036,35.16786012
B,61,57.63396441,34.97008747
B,62,55.45307501,34.97769048
B,63,54.91080734,34.38021769
B,64,54.62700089,34.30495875
B,65,55.26056881,35.07485133
B,66,56.79636444,35.73981264
B,67,54.40568605,34.77627527
B,68,55.61887546,34.50892364
B,69,53.88759654,33.76295054
B,70,56.7095611,34.67631005
B,71,57.26073184,35.86884736
B,72,56.9102668,36.38548479
B,73,56.59269379,35.4000158
B,74,53.07990219,33.31190576
B,75,55.51387865,35.63065335
B,76,56.10310742,35.1955235
B,77,54.88432254,34.62567795
B,78,55.59145707,35.00144387
B,79,54.3962993,34.08207341
B,80,56.0825456,35.61143916
B,81,54.85980905,34.70261698
B,82,53.47763286,33.50542844
B,83,55.27069039,34.31674727
B,84,56.29316904,36.55609527
B,85,55.24663386,34.47560898
B,86,56.45468215,35.41659676
B,87,56.98977259,35.31483669
B,88,55.33360224,34.89401125
B,89,55.11317024,34.46012404
B,90,54.86018942,34.40703432
B,91,56.09454507,35.6607282
B,92,54.36952699,33.79348901
B,93,56.09282923,34.8156787
B,94,55.25682846,34.5092465
B,95,52.68510743,32.89149978
B,96,53.77318744,33.58893227
B,97,56.01062366,36.03329246
B,98,55.0345939,34.8145406
B,99,55.92149105,35.92618884
B,100,57.47737635,36.68804407
B,101,56.89902337,36.3414385
B,102,56.29011252,35.49026045
B,103,55.55387496,35.43233822
B,104,55.1852819,34.67159296
B,105,57.04878832,36.47761691
B,106,56.70118929,34.88669102
B,107,54.19503267,33.73321935
B,108,55.51418062,34.54634326
B,109,53.11261645,33.18083376
B,110,55.65956151,34.31532559
B,111,52.44531826,32.81282683
B,112,56.88850043,36.14724489
B,113,54.97894954,34.02427811
B,114,54.71574359,34.60456521
B,115,55.20982443,34.76898109
B,116,56.06772966,35.5441026
B,117,56.14349633,35.52822356
B,118,56.08173267,35.47341533
B,119,54.87055462,34.22145205
B,120,53.77337061,33.67825613
B,121,54.78828935,34.62741986
B,122,56.19853012,34.76240951
B,123,54.49094338,34.22866385
B,124,55.24893606,34.80780513
B,125,53.94768704,33.88355188
B,126,55.57746364,34.7270286
B,127,55.5959078,34.94013317
B,128,55.24170258,34.75982281
B,129,55.11883491,34.91003156
B,130,57.35970953,36.53039779
B,131,56.33414849,35.54362953
B,132,56.51757631,36.06830227
B,133,54.48618073,34.02611163
B,134,55.12342915,35.33088758
B,135,56.97523898,35.74522232
B,136,54.84722299,35.13229169
B,137,52.80850953,33.09213374
B,138,55.68603617,35.29526011
B,139,53.03412254,33.2494976
B,140,54.42533243,34.18435479
B,141,56.01680036,36.68966028
B,142,56.60300142,35.04963181
B,143,55.92245559,36.35214372
B,144,55.64728462,35.23303012
B,145,54.97587333,34.94497013
B,146,54.1756303,34.1041056
B,147,58.24001802,35.47426755
B,148,55.45611375,34.92792891
B,149,54.27611939,34.43272719
B,150,55.79925264,36.07887683
B,151,56.91348125,35.70843305
B,152,57.75661989,36.52408191
B,153,54.63160615,34.42042723
B,154,54.76980828,34.70031655
B,155,54.52231034,34.75631455
B,156,54.65557441,34.78998693
B,157,55.2873509,34.40322906
B,158,54.93871347,34.72276405
B,159,56.50500552,36.61610346
B,160,54.99493842,33.95100061
B,161,55.06626645,34.42365797
B,162,56.17042758,35.4960302
B,163,57.17363968,35.49289398
B,164,54.68029551,34.0962283
B,165,54.67132726,34.52019465
B,166,56.76303432,34.68030511
B,167,56.58852031,35.87299362
B,168,54.67810844,34.95553951
B,169,53.72409666,33.54493823
B,170,57.55974959,36.27792681
B,171,58.15144842,35.24082665
B,172,54.62587057,34.21176158
B,173,55.45307867,34.8250716
B,174,53.30852043,33.35974375
B,175,55.92770316,35.47074105
B,176,57.3831807,36.36850947
B,177,53.47033234,33.35058222
B,178,54.81764192,33.86922408
B,179,54.89159063,34.12292798
B,180,54.87597265,34.08215196
B,181,52.8755094,33.14677954
B,182,56.37032043,35.02460837
B,183,53.65397049,33.53189673
B,184,54.86442256,35.14835661
B,185,56.33297208,35.28528277
B,186,55.08063374,34.75931313
B,187,57.07530865,35.19425243
B,188,55.16562464,35.0006463
B,189,54.43390508,34.38709471
B,190,55.94470535,35.6686255
B,191,54.88561731,34.53872388
B,192,57.76373696,36.32314013
B,193,55.20802009,34.97652554
B,194,56.81804162,35.39163204
B,195,55.21700405,35.29851654
B,196,52.84754995,33.17100547
B,197,53.96923819,33.47512695
B,198,54.59771474,34.65170561
B,199,55.83534724,34.94369332
B,200,52.59002639,32.86640151
B,201,56.73691866,35.59030283
B,202,54.96213868,34.09465582
B,203,54.80126426,33.97291938
B,204,53.57311667,33.56202734
B,205,53.30664957,33.80237978
B,206,56.21580439,34.3054425
B,207,56.22917399,35.09193749
B,208,52.94817032,33.01035781
B,209,54.32442072,33.96244005
B,210,56.3545729,35.25091569
B,211,54.93628531,34.48533969
B,212,58.23076447,36.57947966
B,213,56.77786695,36.08759497
B,214,55.60491072,35.74759341
B,215,55.71993691,34.66456851
B,216,56.2624467,34.70106931
B,217,54.54633403,34.29458147
B,218,55.6425969,35.71857158
B,219,57.60282668,35.91864977
B,220,56.7921301,35.87029967
B,221,54.12207236,34.42220925
B,222,53.43008655,33.52369439
B,223,55.15148788,34.90221988
B,224,55.83581571,35.37490584
B,225,56.54268046,36.45681639
B,226,54.08354536,33.49850382
B,227,55.76381234,35.30855469
B,228,55.1211241,35.39196893
B,229,56.96455427,35.84009067
B,230,55.47381131,34.85216529
B,231,54.70185354,34.73262079
B,232,53.51267458,34.14946314
B,233,54.69377073,34.51745311
B,234,55.13659163,34.47411833
B,235,58.30875992,36.9275312
B,236,58.3759924,37.02802971
B,237,55.42510454,34.56449453
B,238,53.94372517,34.07682602
B,239,53.10300907,33.10676901
B,240,56.10461708,35.32069912
B,241,54.21278339,33.79784604
B,242,58.79639868,36.41027151
B,243,54.39096182,34.07115934
B,244,55.22911919,35.15661253
B,245,60.91145701,37.52338048
B,246,53.67393631,34.12520463
B,247,55.6229707,35.30781772
B,248,54.01969627,33.99366759
B,249,55.84137474,35.29276828
B,250,54.55354693,33.98757971
B,251,55.80362986,30.56365665
B,252,55.90622515,30.09785141
B,253,55.59787898,30.75564119
B,254,54.64181819,30.50503628
B,255,56.26596022,29.80769034
B,256,57.22950418,29.80710092
B,257,52.52776485,32.62518548
B,258,55.84933709,29.81007483
B,259,55.63890935,30.0348778
B,260,54.93060729,30.94476344
B,261,55.8574602,29.28666075
B,262,54.9276224,30.79821498
B,263,55.24295743,30.90163333
B,264,57.25862877,30.44971171
B,265,56.99100246,28.63110542
B,266,55.78506751,30.29880734
B,267,54.91617353,30.83895393
B,268,53.8128037,31.4656542
B,269,54.91595712,30.62967855
B,270,54.18779762,31.28112505
B,271,54.85127077,30.60038224
B,272,55.6030206,29.97086186
B,273,54.46045452,31.23967944
B,274,59.77035785,29.21079626
B,275,55.41418114,30.26676605
B,276,56.86167291,29.56226564
B,277,52.66522404,32.49064527
B,278,56.81594983,30.32474244
B,279,53.89951079,31.72572041
B,280,56.35599424,29.64976194
B,281,55.45207585,29.82683927
B,282,54.94366314,30.8824102
B,283,56.83903874,29.26237364
B,284,54.66983896,31.16936108
B,285,54.95158114,31.26413167
B,286,54.30285265,31.38465793
B,287,54.72609079,31.22594822
B,288,56.58391151,29.73464482
B,289,55.49666634,29.89188695
B,290,56.40792889,29.38966576
B,291,55.07674239,30.92070218
B,292,55.92740255,30.29149345
B,293,55.49618181,30.13830898
B,294,53.50000424,31.72932801
B,295,58.02808884,29.25383481
B,296,55.78193456,30.56018402
B,297,56.19017325,29.78404925
B,298,56.31155238,29.50507022
B,299,55.51649643,30.55483522
B,300,54.84564295,30.66764443
B,301,56.37372602,29.64783411
B,302,54.25228094,31.50766871
B,303,57.65412605,28.70939178
B,304,55.27314298,31.07738295
B,305,56.67732315,28.59513185
B,306,56.26303264,28.6141094
B,307,55.69530921,30.48192866
B,308,56.50448476,30.32317765
B,309,54.09648814,31.39132581
B,310,55.87845869,30.20037364
B,311,55.5372617,28.98768945
B,312,55.54580065,30.47122517
B,313,54.71687885,30.75218011
B,314,54.58738787,31.05237923
B,315,55.67717486,30.68965322
B,316,56.65535688,29.57699394
B,317,55.29494938,31.30441874
B,318,54.87604156,30.29685895
B,319,53.74873411,31.66878671
B,320,55.17902814,29.61921206
B,321,56.82150715,29.22680195
B,322,57.57458617,29.54300141
B,323,56.23391143,29.63602548
B,324,53.23919068,32.21709163
B,325,56.41840002,30.42135831
B,326,55.91159477,30.01203372
B,327,55.11540225,30.91793913
B,328,55.59493097,30.39946148
B,329,54.37175628,31.25095942
B,330,56.47364562,30.10278072
B,331,55.19697106,30.89879964
B,332,53.55784203,31.87435724
B,333,54.69314578,30.63314052
B,334,57.76139159,29.84194336
B,335,54.84185309,30.67895716
B,336,56.20200239,29.7504277
B,337,56.16907963,29.38980758
B,338,55.57304988,30.64597623
B,339,54.91682658,30.7975678
B,340,54.7565078,30.91838782
B,341,56.58549609,30.02385807
B,342,53.88124724,31.21012827
B,343,55.30497249,30.01399872
B,344,54.86935217,30.6405541
B,345,52.5487513,32.47760256
B,346,53.55888304,31.69434502
B,347,56.9960425,30.12699015
B,348,55.34557181,30.76837354
B,349,56.85051695,30.18587508
B,350,57.93648151,29.07997652
B,351,57.45629043,29.4886761
B,352,56.27297414,29.90002873
B,353,56.23980568,30.43635376
B,354,55.10943342,30.65013367
B,355,57.54550727,29.39750861
B,356,55.44818759,29.55536793
B,357,53.92486467,31.44824274
B,358,54.98426599,30.48165548
B,359,53.13676561,32.17014584
B,360,54.69651331,30.39972356
B,361,52.47752819,32.58711608
B,362,57.27765701,29.5156636
B,363,54.34349626,30.90324575
B,364,55.12443428,31.07138284
B,365,55.32392232,30.70110407
B,366,56.32073013,30.12652569
B,367,56.36791382,30.02565591
B,368,56.30782436,30.11650431
B,369,54.62198215,30.96611305
B,370,53.83739187,31.74642469
B,371,55.18592377,30.94480417
B,372,55.33568137,29.98442577
B,373,54.54394313,31.28621284
B,374,55.31485808,30.63123802
B,375,54.09245663,31.53047234
B,376,55.20827854,30.42929453
B,377,55.58931015,30.38809639
B,378,55.31776601,30.6114924
B,379,55.39011447,30.79278241
B,380,57.78443271,29.15327802
B,381,56.35279265,29.80873818
B,382,57.03216425,29.77519287
B,383,54.22635396,31.24307703
B,384,56.08926254,30.6990978
B,385,56.60689747,29.39464294
B,386,55.7885858,30.93212174
B,387,52.85204775,32.41231521
B,388,56.02255503,30.3926015
B,389,53.12838816,32.21672604
B,390,54.45123693,31.26614587
B,391,57.8318938,30.12309414
B,392,55.7732927,29.67168487
B,393,57.37319617,30.13647315
B,394,55.99648612,30.39526221
B,395,55.60810875,30.80113368
B,396,54.41236578,31.50108866
B,397,56.18146292,28.46804087
B,398,55.50761583,30.46304487
B,399,54.91027879,31.34645961
B,400,57.04760426,30.27745207
B,401,56.54467278,29.44053005
B,402,57.70112275,28.90280686
B,403,54.75328751,31.09534517
B,404,55.18806265,31.04185033
B,405,55.24007753,31.16318988
B,406,55.19358792,31.0311281
B,407,54.69944787,30.61859431
B,408,55.25481392,30.92495797
B,409,57.77264938,29.81639325
B,410,54.17678906,30.88190888
B,411,54.80794083,30.81701988
B,412,56.30939842,30.0179661
B,413,56.31013678,29.21677607
B,414,54.33957753,31.0747546
B,415,55.00199265,31.061572
B,416,55.15099772,29.54770127
B,417,56.77720121,29.72278156
B,418,55.44533966,31.04311138
B,419,53.79644363,31.75041665
B,420,57.41477081,28.9380955
B,421,55.95477752,28.58473081
B,422,54.59232964,31.13832264
B,423,55.23150477,30.45321661
B,424,53.27723912,32.04187121
B,425,56.2139078,30.10834484
B,426,57.40417156,29.14068335
B,427,53.37881813,31.87590999
B,428,53.98065786,30.89996629
B,429,54.4126554,30.91503998
B,430,54.26870942,30.92009553
B,431,53.05081869,32.36387122
B,432,55.62424092,29.79996968
B,433,53.52916117,31.8249867
B,434,55.80850082,30.91026592
B,435,55.91185238,29.89784697
B,436,55.26354023,30.72716219
B,437,55.94346082,29.33711746
B,438,55.63537945,30.71039182
B,439,54.83493711,31.11372347
B,440,56.62515236,30.18568539
B,441,54.96412908,30.97619098
B,442,57.42802167,28.86815651
B,443,55.60009158,30.69202941
B,444,56.13574246,29.53028337
B,445,56.01081269,30.62098341
B,446,53.11233881,32.29186979
B,447,53.66799012,31.57339001
B,448,55.12331568,31.07542885
B,449,55.58522578,30.25286191
B,450,52.6282325,32.58376025
B,451,56.44055797,29.51235098
B,452,54.25233457,30.8044951
B,453,54.12943115,31.01615036
B,454,53.59107689,31.90118933
B,455,53.9176555,31.99161935
B,456,54.70711523,30.03144507
B,457,55.72648921,29.95069032
B,458,52.96117815,32.2892917
B,459,54.16198974,31.4353449
B,460,55.86073347,29.92060547
B,461,54.895075,30.89359616
B,462,57.82068528,28.40098918
B,463,57.13728519,29.6014338
B,464,56.65743913,30.41362373
B,465,55.18355732,30.33317187
B,466,55.1525707,29.94546533
B,467,54.70333984,31.23741827
B,468,56.57298205,30.32200975
B,469,56.95787889,29.02205986
B,470,56.7301821,29.59798204
B,471,54.82169011,31.52214235
B,472,53.4790428,31.9283029
B,473,55.49511735,30.77326043
B,474,56.01363797,30.22187468
B,475,57.58676929,29.77054763
B,476,53.63884248,31.52242233
B,477,55.97703539,30.25776009
B,478,56.21927491,30.74603109
B,479,56.80736535,29.39989454
B,480,55.33759292,30.49314125
B,481,55.28354392,30.98750193
B,482,54.47194928,31.94153088
B,483,54.96635321,31.04293366
B,484,54.83005824,30.75858501
B,485,58.328976,28.50078808
B,486,58.4509706,28.45040308
B,487,55.08323356,30.56409571
B,488,54.33311987,31.61665433
B,489,52.93066891,32.21430105
B,490,55.99165143,30.10474056
B,491,53.97662309,31.34190444
B,492,57.53092367,28.09795366
B,493,54.31837313,31.28928514
B,494,55.89264281,30.62720022
B,495,59.0786385,26.56089579
B,496,54.38829444,31.73195293
B,497,55.98274085,30.40217416
B,498,54.13173295,31.4938943
B,499,55.90524006,30.29517492
B,500,54.11228343,31.19084292
B,501,48.99155705,34.87406288
B,502,48.90435254,35.26142019
B,503,49.18791125,34.62248436
B,504,50.11795192,34.95308628
B,505,48.75180929,35.60627785
B,506,47.63219109,35.59873656
B,507,52.26292698,32.7582223
B,508,48.97003664,35.53072123
B,509,49.20755782,35.35313937
B,510,49.83903574,34.46573321
B,511,48.93752071,36.1850359
B,512,49.94456551,34.60751393
B,513,49.62165104,34.58162276
B,514,47.53890323,34.93485054
B,515,47.88156219,36.7977449
B,516,48.98201327,35.10633549
B,517,49.85379046,34.48087661
B,518,50.96645158,33.9146652
B,519,50.02377019,34.74608836
B,520,50.58107258,34.0807701
B,521,49.93888608,34.84564467
B,522,49.20658219,35.39713853
B,523,50.28902316,34.12489134
B,524,45.03841439,36.25864264
B,525,49.36572177,35.1927372
B,526,47.95925378,35.83494713
B,527,52.15924722,32.87449733
B,528,47.93022405,35.03527232
B,529,50.89203031,33.62224158
B,530,48.33361379,35.76143489
B,531,49.32145287,35.62115727
B,532,49.78983954,34.45432805
B,533,47.96809175,36.22463935
B,534,50.14153974,34.25527998
B,535,49.70553401,34.1400798
B,536,50.44964846,33.88161532
B,537,50.12232361,34.22165803
B,538,48.19770611,35.68836345
B,539,49.19986305,35.55772467
B,540,48.54269898,35.97895095
B,541,49.80200006,34.51083185
B,542,48.77971803,35.1119449
B,543,49.32690052,35.22519355
B,544,51.11477819,33.68503684
B,545,46.87732164,36.17960653
B,546,48.95378818,34.89489121
B,547,48.68326472,35.6094394
B,548,48.58596427,35.89981169
B,549,49.32330826,34.81005457
B,550,49.89339805,34.73818814
B,551,48.43901955,35.75026613
B,552,50.4717083,33.91523667
B,553,47.12642909,36.67905004
B,554,49.59269518,34.38260292
B,555,48.13756345,36.78976744
B,556,48.57359121,36.87546817
B,557,49.13850992,34.88450963
B,558,48.30375154,35.06516868
B,559,50.62299013,34.05187122
B,560,48.97588268,35.0970685
B,561,49.24397405,36.49074199
B,562,49.20225006,34.97952965
B,563,50.04790191,34.58650048
B,564,50.12175992,34.29755359
B,565,49.10448475,34.65730228
B,566,48.13448711,35.8798868
B,567,49.53330904,34.05927676
B,568,49.92226277,35.0042414
B,569,50.98664758,33.76352958
B,570,49.58692216,35.824626
B,571,47.99877677,36.1852367
B,572,47.21331146,35.97411246
B,573,48.65158516,35.74173531
B,574,51.53442503,33.21310375
B,575,48.35006736,34.97720397
B,576,48.9479394,35.37336744
B,577,49.76406188,34.45279829
B,578,49.0938939,35.01985146
B,579,50.43843968,34.16304875
B,580,48.25467579,35.32392083
B,581,49.68829524,34.5118483
B,582,51.15221082,33.50361937
B,583,50.14136422,34.78517424
B,584,47.10481107,35.53785835
B,585,49.96735629,34.69771688
B,586,48.60570338,35.62403158
B,587,48.71761717,36.00929088
B,588,49.20261128,34.8131115
B,589,49.89227571,34.6317161
B,590,50.10937734,34.43973495
B,591,48.23895366,35.43490043
B,592,50.9223818,34.14571136
B,593,49.40472673,35.3874243
B,594,49.83236739,34.754934
B,595,52.21068976,32.92034636
B,596,51.10164811,33.7224864
B,597,47.82224372,35.2375902
B,598,49.47633313,34.573539
B,599,47.87873938,35.20838917
B,600,46.85953009,36.27811277
B,601,47.29238467,35.87645803
B,602,48.56001816,35.48847705
B,603,48.62612068,34.95076671
B,604,49.62301301,34.7291955
B,605,47.14729405,36.08913665
B,606,49.33365094,35.84841353
B,607,50.90341637,33.88524614
B,608,49.82351979,34.9137882
B,609,51.76372654,33.20921017
B,610,50.10436129,35.08389929
B,611,52.32232873,32.82502624
B,612,47.56811208,35.83049756
B,613,50.5037062,34.53601512
B,614,49.70998622,34.42246012
B,615,49.4997025,34.6947565
B,616,48.40280212,35.29566158
B,617,48.41096264,35.30288007
B,618,48.62400053,35.26705883
B,619,50.16702569,34.45659311
B,620,50.91103772,33.70773287
B,621,49.7152779,34.47763191
B,622,49.49288208,35.45564141
B,623,50.31581167,34.11969761
B,624,49.45921721,34.78209701
B,625,50.72362358,33.85811979
B,626,49.59922853,35.00745209
B,627,49.20213685,34.98437143
B,628,49.56197116,34.7398941
B,629,49.37143596,34.63213619
B,630,47.08424219,36.30505154
B,631,48.42523571,35.59754356
B,632,47.79597841,35.65794981
B,633,50.59956705,34.16299574
B,634,48.6970999,34.63383427
B,635,48.13654857,36.01187145
B,636,49.04107526,34.49968526
B,637,51.97797601,33.02602805
B,638,48.79866405,35.09835451
B,639,51.60028351,33.19499287
B,640,50.33837928,34.0816025
B,641,46.95368754,35.3263322
B,642,49.10833978,35.6149412
B,643,47.40266827,35.26406682
B,644,48.85709089,35.07956114
B,645,49.14245854,34.56551095
B,646,50.39032668,33.98891849
B,647,48.54971541,36.87672672
B,648,49.23411844,34.90522122
B,649,49.99859585,34.01915844
B,650,47.68080972,35.08705114
B,651,48.29820186,35.94458069
B,652,47.05839967,36.56044053
B,653,50.03032798,34.26022902
B,654,49.6485966,34.35033025
B,655,49.43690351,34.24851741
B,656,49.54047389,34.33269834
B,657,50.07034451,34.75933784
B,658,49.5467819,34.50326508
B,659,46.97597116,35.60689808
B,660,50.69895011,34.48879185
B,661,49.94633586,34.63094375
B,662,48.52644611,35.33084235
B,663,48.48562556,36.160375
B,664,50.50217137,34.33260197
B,665,49.84777785,34.31174637
B,666,49.63967462,35.81104775
B,667,48.00715494,35.71677998
B,668,49.3070326,34.36159803
B,669,51.07458807,33.60521843
B,670,47.41542878,36.47090159
B,671,48.87571457,36.87118253
B,672,50.23615362,34.24604991
B,673,49.54541634,34.9345028
B,674,51.43195915,33.39926364
B,675,48.56252807,35.24512343
B,676,47.37823565,36.2371915
B,677,51.46308055,33.4705845
B,678,50.78439409,34.41779667
B,679,50.41878063,34.50013587
B,680,50.52019471,34.45624775
B,681,51.73374842,33.05601897
B,682,49.1442191,35.58369258
B,683,51.10776379,33.52473049
B,684,48.99612317,34.53114356
B,685,48.85610532,35.49943307
B,686,49.52071963,34.72432969
B,687,48.94388505,36.07865801
B,688,49.08260407,34.71985488
B,689,50.02851119,34.25918982
B,690,48.31098182,35.17375529
B,691,49.83748261,34.47683918
B,692,47.49715281,36.56159525
B,693,49.14899445,34.70416339
B,694,48.59386258,35.88913425
B,695,48.72979277,34.73581778
B,696,51.74528825,33.1041372
B,697,51.25657694,33.83280766
B,698,49.59024058,34.30962144
B,699,49.25221516,35.16464389
B,700,52.17917823,32.82832152
B,701,48.32608705,35.8436836
B,702,50.53657265,34.59288761
B,703,50.61429142,34.42052545
B,704,51.20112013,33.42485265
B,705,50.93054382,33.38473804
B,706,50.17522149,35.41186835
B,707,49.04935917,35.43920149
B,708,51.926706,33.05501332
B,709,50.56023382,34.04324861
B,710,48.86476744,35.4661471
B,711,49.86082795,34.46169175
B,712,46.95533875,36.94225431
B,713,47.57060737,35.83054401
B,714,48.19247684,35.0081653
B,715,49.70935937,35.08322599
B,716,49.56111867,35.41041324
B,717,50.16424362,34.21354118
B,718,48.14712954,35.07395749
B,719,47.89406725,36.36867596
B,720,48.06059074,35.7886609
B,721,49.9811848,33.89952321
B,722,51.30971509,33.49430896
B,723,49.40916714,34.63664203
B,724,48.68741967,35.20134735
B,725,47.24358071,35.64851684
B,726,51.32154796,33.90333633
B,727,48.85641529,35.11040085
B,728,48.58544631,34.67839066
B,729,47.95975745,35.95856298
B,730,49.49114403,34.87594028
B,731,49.55881221,34.38291612
B,732,50.33479061,33.46948383
B,733,49.90329378,34.35351644
B,734,49.89480817,34.64999424
B,735,46.51116176,36.92470179
B,736,46.2962744,36.98974092
B,737,49.77461609,34.80168663
B,738,50.44002117,33.83082169
B,739,51.84764549,33.19207254
B,740,48.74254569,35.33551019
B,741,50.82631306,34.03829207
B,742,47.26243433,37.28341533
B,743,50.50598927,34.11188696
B,744,48.89637318,34.77971183
B,745,45.66119973,38.76966397
B,746,50.42675921,33.67870436
B,747,48.86415929,35.06899532
B,748,50.68819102,33.90659496
B,749,48.90644839,35.13453901
B,750,50.54909027,34.27691884
B,751,49.41429913,30.24915581
B,752,48.75345039,30.1769106
B,753,49.70647349,30.37806779
B,754,49.2806215,31.09301351
B,755,48.40828743,29.95667649
B,756,48.30414351,29.31628252
B,757,52.30023387,32.62934215
B,758,48.41069402,30.21381234
B,759,48.65481776,30.37401558
B,760,49.93747174,30.85776463
B,761,47.60544949,30.17102073
B,762,49.78370147,30.96726719
B,763,49.92470404,30.58460735
B,764,49.40534442,29.2424284
B,765,46.74188311,29.4840643
B,766,49.07828146,30.24959741
B,767,49.85782079,30.89693302
B,768,50.66171118,31.65974476
B,769,49.56859206,30.94530672
B,770,50.41714152,31.44578782
B,771,49.42794237,30.91839878
B,772,48.63552826,30.36823985
B,773,50.39309208,31.30987596
B,774,47.46464307,27.37048505
B,775,48.95606952,30.51914513
B,776,48.05299366,29.49964685
B,777,52.03103745,32.4991353
B,778,49.04008185,29.53442071
B,779,51.03513403,31.61565262
B,780,48.05734395,29.87320808
B,781,48.49085042,30.4711748
B,782,49.89612538,30.87093679
B,783,47.6236818,29.49051642
B,784,50.14597155,31.0977445
B,785,50.40666196,30.80072222
B,786,50.5895356,31.31483719
B,787,50.23624138,31.03204293
B,788,48.25591229,29.6810732
B,789,48.48574367,30.44941863
B,790,47.82715359,29.94286223
B,791,49.84389052,30.79762106
B,792,48.97084502,30.12059558
B,793,48.78677695,30.48079415
B,794,50.99827195,31.83295897
B,795,47.54867542,28.66442373
B,796,49.41004693,30.30416466
B,797,48.2627878,29.92499469
B,798,47.89930973,29.92164215
B,799,49.41629094,30.58293629
B,800,49.51663043,31.00366235
B,801,48.12185112,29.88623798
B,802,50.76368121,31.35307214
B,803,46.7157235,28.86066524
B,804,50.17012757,30.654363
B,805,46.67720852,29.64661503
B,806,46.71984057,29.95729677
B,807,49.39231549,30.37377616
B,808,49.10814202,29.80493533
B,809,50.51321119,31.4795304
B,810,49.02365175,30.1950799
B,811,47.21315861,30.48701746
B,812,49.25846904,30.43734289
B,813,49.75929454,31.05349008
B,814,50.15763922,31.07593651
B,815,49.72112735,30.4108569
B,816,47.96105321,29.64420871
B,817,50.42596993,30.69322755
B,818,49.18593858,30.98254149
B,819,50.88406004,31.67488863
B,820,48.08921198,30.68793496
B,821,47.55164322,29.52527007
B,822,47.85012726,28.96028579
B,823,48.10166993,30.01456506
B,824,51.69962538,32.12716646
B,825,49.21385239,29.8225476
B,826,48.70803792,30.21029667
B,827,49.89476713,30.7619777
B,828,49.17882259,30.36290405
B,829,50.44731265,31.24361539
B,830,48.7553064,29.71169071
B,831,49.91672284,30.70987438
B,832,51.30379689,31.91785651
B,833,49.59545852,31.07078454
B,834,48.46703475,28.84479601
B,835,49.61522771,30.90358494
B,836,48.39723948,29.98469221
B,837,47.74080418,30.03877163
B,838,49.41877632,30.49580362
B,839,49.69942705,30.85852744
B,840,49.9124337,31.01287338
B,841,48.76100984,29.68099364
B,842,50.40999072,31.58594515
B,843,48.6375904,30.56321711
B,844,49.5735245,30.88282667
B,845,52.10320091,32.54192764
B,846,50.9544498,31.83771236
B,847,48.85339727,29.34665891
B,848,49.7814898,30.54089945
B,849,48.84922732,29.53510349
B,850,47.36483023,28.73611824
B,851,47.85017419,29.02698148
B,852,48.56732786,29.93317523
B,853,49.20889577,29.98124609
B,854,49.55300739,30.68199812
B,855,47.69760954,28.9641504
B,856,48.01008089,30.49701636
B,857,50.6543502,31.5530834
B,858,49.3797542,30.80028355
B,859,51.6551835,32.12748031
B,860,49.13722833,31.09143394
B,861,52.22991094,32.56632706
B,862,47.99291612,29.26505363
B,863,49.89752001,31.31321382
B,864,50.07229162,30.76760487
B,865,49.6113051,30.64501619
B,866,48.74878874,29.91852055
B,867,48.69188309,29.81448485
B,868,48.78236996,29.91504706
B,869,49.93309216,31.13317185
B,870,51.0693248,31.66389785
B,871,50.04765268,30.78595956
B,872,48.52619162,30.63291058
B,873,50.45668011,31.19732868
B,874,49.47600455,30.53069306
B,875,50.85056375,31.51960864
B,876,49.19702811,30.69984991
B,877,49.19698999,30.40409768
B,878,49.48498967,30.64009174
B,879,49.74357876,30.52763516
B,880,47.40503646,28.8586124
B,881,48.41535762,29.85401965
B,882,48.27572941,29.37988132
B,883,50.37360273,31.41732041
B,884,49.69583399,30.06767296
B,885,47.78553963,29.61976314
B,886,49.89002613,30.28876225
B,887,51.96091826,32.33842487
B,888,49.15495318,30.08839294
B,889,51.66012566,32.1312222
B,890,50.36056493,31.20885875
B,891,48.69510239,28.79007333
B,892,48.25432534,30.28863431
B,893,48.77439609,29.09183089
B,894,49.10975877,30.13917227
B,895,49.87154767,30.36645121
B,896,50.67334935,31.21872436
B,897,46.57437697,29.91804766
B,898,49.34605356,30.49699719
B,899,50.54561296,30.94881337
B,900,49.09778743,29.32270685
B,901,47.81553898,29.69786025
B,902,47.06926177,28.81257037
B,903,50.19729512,31.00315792
B,904,50.17325501,30.74849287
B,905,50.24485265,30.68355174
B,906,50.10523369,30.66690407
B,907,49.4977607,31.03292025
B,908,49.90804765,30.6056083
B,909,48.26636992,28.79418962
B,910,49.81002556,31.34313216
B,911,49.79065421,30.96167979
B,912,48.69323736,29.91584247
B,913,47.58319248,29.90028215
B,914,50.1783463,31.3429105
B,915,50.1643157,30.84386227
B,916,48.00652156,30.72717439
B,917,48.24712967,29.57537877
B,918,50.03402881,30.44471215
B,919,51.09767634,31.76112663
B,920,47.18044054,29.13488242
B,921,46.66047721,30.1445317
B,922,50.16671122,31.12932641
B,923,49.27506773,30.68635914
B,924,51.50282063,32.07349602
B,925,48.74848435,29.91049597
B,926,47.45814729,29.10363955
B,927,51.28088573,31.97973025
B,928,49.9471228,31.58028466
B,929,49.93345992,31.25772312
B,930,49.94636075,31.30089406
B,931,51.9477722,32.25537997
B,932,48.44270829,30.3643603
B,933,51.21921483,31.84778192
B,934,49.94166403,30.25502181
B,935,48.46772312,30.17765715
B,936,49.67985081,30.66356951
B,937,47.71432933,30.2075118
B,938,49.57745267,30.37612786
B,939,50.3216016,30.97719202
B,940,48.94509035,29.74438764
B,941,49.93906315,30.92577605
B,942,47.04874413,29.0648395
B,943,49.62200692,30.36000894
B,944,48.02748542,30.10379851
B,945,49.54366652,30.09508053
B,946,51.84659219,32.18656686
B,947,50.93993581,31.85618387
B,948,50.12680408,30.74462864
B,949,48.96966085,30.45669655
B,950,52.21818502,32.5833954
B,951,48.03411005,29.81865813
B,952,49.7006358,31.32281074
B,953,49.94109285,31.43090219
B,954,51.30659365,31.7748347
B,955,51.50365146,31.55143375
B,956,48.66388515,31.09265804
B,957,48.53707985,30.27177969
B,958,51.86158964,32.41100528
B,959,50.60188664,31.42524267
B,960,48.482633,30.17481697
B,961,50.01399625,30.81949963
B,962,46.51046141,28.82171945
B,963,48.02940772,29.28468379
B,964,49.21035397,29.62495966
B,965,49.05841487,30.7513291
B,966,48.54128248,30.69147142
B,967,50.26768189,31.1043722
B,968,49.08800878,29.64463125
B,969,47.25968145,29.42174765
B,970,48.09438574,29.56395976
B,971,50.7777337,30.92762128
B,972,51.32284636,31.90645054
B,973,49.61484494,30.49271984
B,974,48.9644679,29.99569775
B,975,48.25991346,28.96613433
B,976,50.79453389,31.86824177
B,977,49.03603505,30.09874722
B,978,49.70963348,29.91787666
B,979,47.8310559,29.58755137
B,980,49.30285471,30.59097785
B,981,50.09458346,30.65426231
B,982,51.29839598,31.20428103
B,983,50.21769726,30.89261361
B,984,49.65674257,30.91635662
B,985,46.51030246,28.44867367
B,986,46.44627055,28.36651521
B,987,49.3881726,30.8278178
B,988,50.82498947,31.27653114
B,989,51.63444644,32.30708883
B,990,48.75682925,30.07092929
B,991,50.62440754,31.53427982
B,992,45.98113434,28.99594413
B,993,50.39579238,31.31086886
B,994,49.50108659,30.18020299
B,995,43.91021597,27.8601366
B,996,51.08950803,31.26685849
B,997,49.28113798,30.14450042
B,998,50.71887706,31.43852103
B,999,48.97763652,30.21824232
B,1000,50.17250707,31.48099923
