id,rating,assessment_date
44552,good,07APR2022
47616,good,25FEB2022
54188,good,12MAY2022
55881,good,12AUG2022
118314,adequate,21JUN2022
138010,good,01APR2022
241054,good,07MAR2022
247902,good,05APR2022
327168,good,27MAY2022
356028,good,02SEP2022
361050,good,03AUG2022
442465,good,12MAY2022
449075,good,21MAR2022
480324,adequate,24MAR2022
509191,adequate,19APR2022
530628,adequate,15MAR2022
568026,good,26SEP2022
573745,good,24MAR2022
579038,adequate,29APR2022
603501,good,15APR2022
603996,good,17MAY2022
613382,adequate,24MAY2022
619888,adequate,13APR2022
623963,good,12AUG2022
640071,good,10MAY2022
651278,good,21APR2022
681634,good,01JUN2022
682325,good,09AUG2022
692353,adequate,01SEP2022
706832,adequate,16SEP2022
713446,adequate,15JUL2022
732018,good,04MAR2022
735521,good,07MAR2022
751798,good,02SEP2022
751842,good,29MAR2022
804641,good,25MAY2022
834777,good,25JUL2022
838551,adequate,14JUL2022
853803,good,22MAR2022
856588,good,26MAY2022
860170,good,02AUG2022
893085,good,13JUL2022
904992,adequate,22MAR2022
929522,good,14MAR2022
979098,good,13JUL2022
983259,good,19SEP2022
1005982,good,26SEP2022
1010577,adequate,13JUN2022
1021112,good,08SEP2022
1064939,good,14JUN2022
1105255,good,22JUL2022
1186679,adequate,24AUG2022
1270408,good,29JUN2022
1279171,adequate,23SEP2022
1291878,good,06JUL2022
1302129,good,22JUN2022
1305081,good,23SEP2022
1339376,good,04FEB2022
1346640,good,06JUL2022
1353718,good,16SEP2022
1355257,good,28FEB2022
1369628,poor,04MAY2022
1412185,good,25MAR2022
1429868,good,30AUG2022
1433129,good,27JUN2022
1437268,adequate,22JUN2022
1452111,adequate,18JUL2022
1455678,good,09MAR2022
1474278,good,12MAY2022
1523279,adequate,24MAR2022
1558442,good,27JUL2022
1630710,adequate,29MAR2022
1724079,good,11APR2022
1750537,good,10AUG2022
1814973,good,01JUN2022
1824159,good,29APR2022
1830150,good,06SEP2022
1917933,good,08APR2022
1920609,good,15APR2022
1975209,good,16FEB2022
2022140,good,13JUL2022
2026733,good,11MAY2022
2085789,good,31MAY2022
2095137,adequate,05APR2022
2111205,good,24AUG2022
2134507,adequate,13MAY2022
2149240,good,15FEB2022
2168168,good,26MAY2022
2186058,good,01MAR2022
2225760,adequate,27MAY2022
2269972,good,25MAR2022
2317906,good,22APR2022
2450998,good,23JUN2022
2462347,good,08JUN2022
2512394,good,07MAR2022
2616891,good,28FEB2022
2634585,good,12SEP2022
2663553,adequate,23JUN2022
2768358,good,08APR2022
2780508,good,29MAR2022
2796887,good,14FEB2022
2799593,good,20JUN2022
2852377,good,20JUL2022
2874574,good,15JUN2022
2887068,good,08JUN2022
2901653,adequate,08JUL2022
2974320,adequate,07APR2022
3021303,good,12MAY2022
3037628,adequate,29JUL2022
3094183,good,10MAR2022
3110346,good,05APR2022
3127874,good,27JUL2022
3205745,good,25AUG2022
3207839,good,10MAR2022
3220670,adequate,24MAR2022
3221489,good,08APR2022
3225757,good,29MAR2022
3233961,good,17MAR2022
3242242,good,04JUL2022
3332451,good,27SEP2022
3341620,adequate,13JUL2022
3365902,adequate,06SEP2022
3374663,good,31AUG2022
3391820,good,07MAR2022
3392332,good,15SEP2022
3393718,good,17MAR2022
3440861,good,08JUN2022
3455984,adequate,02JUN2022
3493842,good,09MAY2022
3505149,good,22AUG2022
3512693,good,20MAY2022
3518362,good,08MAR2022
3538533,good,07JUL2022
3545729,good,27APR2022
3555858,poor,13JUL2022
3559743,good,16MAR2022
3572324,adequate,21MAR2022
3606324,adequate,15APR2022
3643845,good,03MAY2022
3663555,good,02JUN2022
3670830,good,22APR2022
3676189,good,13JUL2022
3687563,poor,04APR2022
3720751,good,08APR2022
3735456,adequate,07JUL2022
3740403,good,14FEB2022
3740509,good,20JUL2022
3754057,good,27MAY2022
3755672,good,05JUL2022
3756413,adequate,14JUL2022
3767601,good,21FEB2022
3787124,good,26MAY2022
3791424,good,23AUG2022
3797987,adequate,04FEB2022
3805744,good,23SEP2022
3815769,good,25AUG2022
3819296,adequate,01APR2022
3831597,adequate,15APR2022
3834315,good,26AUG2022
3834917,good,22SEP2022
3859589,adequate,24JUN2022
3914042,good,04AUG2022
3923150,good,16MAY2022
3950768,good,04APR2022
3970585,good,30MAY2022
4012325,good,13MAY2022
4013052,good,20APR2022
4030882,good,31MAR2022
4147533,good,24JUN2022
4167874,good,22APR2022
4169021,good,30MAY2022
4169183,good,10FEB2022
4171920,good,11MAR2022
4362294,good,27MAY2022
4366861,good,09AUG2022
4405233,good,26AUG2022
4417713,good,23FEB2022
4438415,good,01SEP2022
4443282,adequate,30AUG2022
4478297,good,29JUL2022
4482728,poor,03MAR2022
4547663,good,23AUG2022
4613892,good,28FEB2022
4628871,good,29JUN2022
4637834,good,22FEB2022
4742443,adequate,14SEP2022
4791872,adequate,22AUG2022
4862112,good,30MAR2022
4886458,good,23SEP2022
4902399,adequate,22JUN2022
4915970,good,05APR2022
5107756,good,31MAY2022
5131054,good,08JUN2022
5168397,adequate,18MAR2022
5204080,adequate,04MAY2022
5229161,good,03JUN2022
5321935,good,13JUN2022
5394545,good,23SEP2022
5412093,good,30MAY2022
5506286,good,08MAR2022
5517380,good,16AUG2022
5584566,good,26AUG2022
5631455,good,16JUN2022
5637070,good,24MAY2022
5690874,good,27APR2022
5734175,good,02JUN2022
5741757,adequate,16SEP2022
5754072,good,14FEB2022
5777258,adequate,13APR2022
5791121,good,04MAR2022
5983812,good,23MAR2022
6038017,good,06SEP2022
6049342,good,16SEP2022
6127737,good,07MAR2022
6184895,good,19APR2022
6195324,adequate,18APR2022
6208638,good,27SEP2022
6225188,good,16SEP2022
6242991,adequate,21FEB2022
6247588,good,08JUL2022
6257905,adequate,08JUL2022
6258273,adequate,28JUL2022
6266695,good,20SEP2022
6274303,good,30MAY2022
6287922,good,20APR2022
6336072,good,06MAY2022
6382309,adequate,28FEB2022
6383734,good,10JUN2022
6384079,adequate,01MAR2022
6402347,good,29SEP2022
6414704,good,02SEP2022
6424297,adequate,27SEP2022
6443058,good,16MAY2022
6446720,good,26AUG2022
6476893,good,05SEP2022
6508374,good,05SEP2022
6513048,good,16SEP2022
6527208,adequate,08APR2022
6531801,good,11APR2022
6563855,good,15MAR2022
6618141,good,24AUG2022
6658686,good,09FEB2022
6659841,good,18JUL2022
6703784,good,27SEP2022
6732996,good,27SEP2022
6733463,adequate,25MAR2022
6736095,good,28JUN2022
6747651,good,07JUN2022
6793122,good,30SEP2022
6795988,good,16AUG2022
6805000,good,22JUN2022
6827524,good,24MAR2022
6830707,good,16MAY2022
6834509,good,24JUN2022
6844088,good,24MAR2022
6844675,adequate,02MAY2022
6857260,adequate,12JUL2022
6899663,good,17AUG2022
6905407,good,06APR2022
6906945,adequate,15JUL2022
6909233,good,13APR2022
6913239,good,23MAY2022
6928695,good,27JUN2022
6933144,good,29AUG2022
6937689,good,07JUL2022
6944513,adequate,28APR2022
6958405,good,07FEB2022
6964008,good,15FEB2022
7029857,good,06JUN2022
7045885,good,28JUN2022
7052870,adequate,04JUL2022
7064157,good,17MAR2022
7080210,adequate,28APR2022
7085999,adequate,23MAY2022
7091071,adequate,13JUL2022
7096578,good,14FEB2022
7106512,good,03MAR2022
7113726,good,15JUL2022
7148088,good,19APR2022
7154678,good,22JUL2022
7155259,good,19MAY2022
7179173,good,16SEP2022
7197203,adequate,14APR2022
7198242,good,02SEP2022
7201511,good,12AUG2022
7211414,adequate,25MAR2022
7222993,good,13JUN2022
7231092,good,16MAY2022
7237450,good,24MAY2022
7242671,good,07APR2022
7243597,good,16JUN2022
7244816,adequate,16JUN2022
7252729,good,06JUN2022
7254307,adequate,17FEB2022
7256829,good,27MAY2022
7269078,adequate,06JUN2022
7271883,adequate,27APR2022
7272387,adequate,13SEP2022
7274848,good,23JUN2022
7279145,good,01SEP2022
7284290,adequate,30MAR2022
7287428,good,06SEP2022
7293272,good,19AUG2022
7318101,good,22SEP2022
7326814,good,27SEP2022
7327724,good,01JUN2022
7337927,good,01APR2022
7338685,adequate,10MAY2022
7346417,good,23AUG2022
7355080,good,15AUG2022
7359378,good,31MAR2022
7359933,good,03MAY2022
7367304,good,08JUN2022
7387366,good,12APR2022
7392186,adequate,27APR2022
7398009,good,06MAY2022
7402426,adequate,13JUN2022
7427645,good,19MAY2022
7430637,good,26JUL2022
7433579,good,22SEP2022
7434925,good,08FEB2022
7437293,adequate,21APR2022
7447667,good,15MAR2022
7448903,good,12AUG2022
7456917,good,27SEP2022
7457339,good,22JUN2022
7458778,good,07FEB2022
7471111,good,28MAR2022
7473107,good,14JUL2022
7496446,good,24AUG2022
7506743,good,07JUL2022
7514763,good,05MAY2022
7525018,good,29APR2022
7525208,adequate,23SEP2022
7530434,adequate,29JUN2022
7542928,good,30SEP2022
7545451,good,28JUN2022
7553086,good,29AUG2022
7553738,good,13APR2022
7554545,adequate,12SEP2022
7575830,good,06MAY2022
7577305,good,12JUL2022
7597503,adequate,14JUN2022
7601015,adequate,13MAY2022
7610689,good,28JUL2022
7617630,good,28APR2022
7625195,good,04MAY2022
7634462,good,03FEB2022
7657581,poor,06JUN2022
7662637,good,31MAY2022
7676160,good,27MAY2022
7683896,good,11JUL2022
7692382,adequate,23FEB2022
7695895,good,28MAR2022
7701742,good,09JUN2022
7715622,good,27SEP2022
7723869,good,27APR2022
7732563,good,17AUG2022
7735748,good,22SEP2022
7747420,good,04AUG2022
7754943,good,15MAR2022
7796105,good,29JUN2022
7797011,good,08AUG2022
7819118,good,10FEB2022
7819875,good,16SEP2022
7821796,good,02JUN2022
7822505,adequate,19SEP2022
7830463,adequate,25JUL2022
7832200,good,21JUL2022
7849674,adequate,06JUN2022
7858480,adequate,15AUG2022
7864104,good,16AUG2022
7877778,good,25APR2022
7880735,adequate,18FEB2022
7930601,poor,07MAR2022
7953535,adequate,28MAR2022
7961683,good,26MAY2022
7966894,good,23SEP2022
7993481,good,10JUN2022
8001906,good,02MAY2022
8056872,good,08APR2022
8058177,adequate,19APR2022
8114018,good,11APR2022
8123097,poor,29JUN2022
8164904,adequate,01JUL2022
8238664,good,18MAY2022
8254320,adequate,04MAY2022
8279747,good,22JUN2022
8301448,good,20MAY2022
8301694,adequate,21FEB2022
8307844,poor,09FEB2022
8336692,good,04JUL2022
8531127,good,03MAR2022
8607754,adequate,30SEP2022
8617458,good,14MAR2022
8661657,adequate,22SEP2022
8807359,adequate,29APR2022
8829537,good,18MAR2022
8865108,good,22AUG2022
8937271,adequate,03FEB2022
8961816,adequate,06MAY2022
8979936,good,02MAR2022
9039051,adequate,21JUN2022
9078665,good,07JUN2022
9084155,good,03FEB2022
9093599,good,03AUG2022
9140643,good,30JUN2022
9159205,good,06JUL2022
9178654,poor,09SEP2022
9226418,adequate,22FEB2022
9233498,good,29APR2022
9268249,poor,06APR2022
9268815,good,24JUN2022
9291123,adequate,04FEB2022
9329916,good,01JUL2022
9368632,good,22MAR2022
9422943,adequate,16SEP2022
9483806,good,14SEP2022
9560852,good,10MAY2022
9674981,good,17MAY2022
9680027,good,08MAR2022
9691639,adequate,22APR2022
9695383,adequate,10MAR2022
9710312,good,20SEP2022
9745672,good,09SEP2022
9763617,good,01APR2022
9763886,adequate,09SEP2022
9764155,adequate,06SEP2022
9790558,good,09SEP2022
9799339,good,15APR2022
9807221,good,17MAR2022
9814346,good,15AUG2022
9840476,adequate,31AUG2022
9876086,good,04MAY2022
9876418,good,23FEB2022
9896208,good,04JUL2022
9913310,good,27MAY2022
10095151,good,29MAR2022
10174874,good,14MAR2022
10183884,good,05APR2022
10216720,good,18AUG2022
10244012,good,20APR2022
10282250,good,12JUL2022
10285812,adequate,11FEB2022
10291599,good,30JUN2022
10309863,good,21MAR2022
10326686,good,28FEB2022
10354109,good,07APR2022
10430129,good,09AUG2022
10432152,adequate,05JUL2022
10445760,good,25MAY2022
10469591,good,19AUG2022
10491533,good,31MAY2022
10557973,good,21JUL2022
10646980,good,23FEB2022
10704782,good,21FEB2022
10738249,good,14MAR2022
10760890,good,22APR2022
10783807,good,18FEB2022
10858847,good,29SEP2022
10880287,good,03JUN2022
10955968,good,23MAR2022
10956706,good,29SEP2022
10976693,adequate,06JUL2022
11017129,good,20APR2022
11027399,good,10FEB2022
11109067,good,10FEB2022
11155149,good,11JUL2022
11296292,good,02MAR2022
11296928,good,09MAY2022
11314171,good,04MAR2022
11321310,good,17AUG2022
11359712,adequate,22AUG2022
11371329,good,28JUL2022
11412009,good,22AUG2022
11488420,good,20JUN2022
11526082,good,01SEP2022
11541698,good,08FEB2022
11549437,poor,13SEP2022
11581039,good,25MAR2022
11617934,good,13JUN2022
11632897,good,02MAY2022
11696048,good,09MAY2022
11748699,good,08JUN2022
11771230,adequate,14APR2022
11795774,good,02AUG2022
11815240,good,06APR2022
11867758,good,16MAY2022
11883268,adequate,15AUG2022
11888906,good,09FEB2022
11917062,good,25APR2022
11917948,adequate,05JUL2022
11969244,good,28JUL2022
11988825,good,09JUN2022
12000272,good,22JUN2022
12060563,adequate,23FEB2022
12134237,good,09JUN2022
12196943,good,08JUN2022
12227933,good,30MAY2022
12251381,good,02FEB2022
12279796,good,03MAR2022
12281265,good,12AUG2022
12323081,good,08MAR2022
12337104,good,11FEB2022
12339405,good,04FEB2022
12363261,adequate,10MAY2022
12379156,adequate,30JUN2022
12384597,good,25AUG2022
12466107,good,03MAR2022
12500031,good,08SEP2022
12538790,adequate,11AUG2022
12554253,good,09MAY2022
12559305,good,04FEB2022
12580626,good,27MAY2022
12621034,good,10AUG2022
12664457,good,30AUG2022
12716173,adequate,19APR2022
12759280,good,23AUG2022
12766983,good,07JUL2022
12769084,good,27APR2022
12786164,good,02MAR2022
12787950,good,02FEB2022
12800195,good,14MAR2022
12820549,good,09JUN2022
12823731,adequate,24JUN2022
12831641,good,16AUG2022
12842977,adequate,26JUL2022
12847460,good,22FEB2022
12852107,good,17MAY2022
12899225,good,14JUL2022
12917191,good,15MAR2022
12929119,adequate,02FEB2022
12981427,good,03AUG2022
12983764,good,02MAY2022
13002836,good,26SEP2022
13003472,adequate,13APR2022
13009454,good,14FEB2022
13013978,good,14FEB2022
13042098,good,19AUG2022
13062796,adequate,21APR2022
13076181,good,25MAR2022
13095631,adequate,09FEB2022
13110988,adequate,18AUG2022
13127787,good,11FEB2022
13149981,good,14APR2022
13170536,good,25JUL2022
13188390,good,13APR2022
13203340,adequate,08AUG2022
13217669,good,27APR2022
13218060,good,20JUL2022
13220494,good,23MAR2022
13220598,adequate,14APR2022
13220799,good,29AUG2022
13230750,good,09SEP2022
13232369,good,08AUG2022
13243608,good,16MAY2022
13253725,good,17JUN2022
13273418,adequate,18APR2022
13273780,adequate,08AUG2022
13275892,good,02JUN2022
13288666,good,15SEP2022
13290972,good,07APR2022
13295575,good,03MAY2022
13304980,adequate,17AUG2022
13309578,good,18MAR2022
13312741,adequate,01APR2022
13314924,good,22FEB2022
13326104,good,12MAY2022
13339358,good,30MAY2022
13342218,good,19SEP2022
13360522,good,07JUN2022
13365257,good,10MAR2022
13371361,adequate,17AUG2022
13372464,good,11MAY2022
13375290,good,18APR2022
13383774,good,12MAY2022
13386490,good,11APR2022
13388292,good,19JUL2022
13392254,good,14JUN2022
13400481,good,05APR2022
13401293,good,02MAY2022
13419460,good,09MAR2022
13423010,good,23MAR2022
13427858,adequate,22JUL2022
13444813,good,06JUN2022
13470443,adequate,22JUL2022
13470910,adequate,14JUN2022
13471264,good,12APR2022
13473163,good,02MAY2022
13484395,good,24JUN2022
13486893,good,10MAR2022
13489159,good,14SEP2022
13490743,good,22JUL2022
13493469,adequate,04JUL2022
13506158,good,14JUN2022
13519372,adequate,28SEP2022
13529895,adequate,11APR2022
13554491,good,31MAR2022
13555043,adequate,18AUG2022
13558229,good,01MAR2022
13558321,good,28MAR2022
13560550,adequate,07APR2022
13563348,good,04MAY2022
13569806,good,27APR2022
13575834,good,16JUN2022
13580790,good,17MAR2022
13596951,good,26AUG2022
13616305,good,05AUG2022
13622346,good,15AUG2022
13630311,good,01MAR2022
13639726,good,02MAR2022
13648898,adequate,28JUN2022
13663459,good,21APR2022
13663710,good,03JUN2022
13671620,good,05AUG2022
13695167,good,29MAR2022
13708049,good,07FEB2022
13708300,good,15SEP2022
13711457,adequate,19SEP2022
13714521,adequate,14FEB2022
13720447,good,29JUN2022
13723340,adequate,18AUG2022
13728554,good,26AUG2022
13740677,good,09JUN2022
13740967,adequate,12MAY2022
13748921,good,19AUG2022
13756984,adequate,03FEB2022
13757733,good,12AUG2022
13759815,good,28APR2022
13767091,good,17JUN2022
13768291,adequate,07JUL2022
13774252,good,08JUL2022
13785224,good,14FEB2022
13785715,good,24MAY2022
13786034,good,24JUN2022
13791524,good,09FEB2022
13795701,good,30MAR2022
13795864,good,26SEP2022
13800149,good,01SEP2022
13840330,good,05AUG2022
13854146,good,23MAR2022
13854865,good,08JUL2022
13864501,good,16MAY2022
13876433,good,05SEP2022
13888376,good,28FEB2022
13893338,good,23FEB2022
13899260,adequate,12SEP2022
13919912,good,19JUL2022
13930559,good,05SEP2022
13937041,good,02FEB2022
13938000,good,07SEP2022
13947633,good,25APR2022
13948251,adequate,16JUN2022
13955463,good,11JUL2022
13973108,good,15APR2022
13991353,good,08FEB2022
13992821,good,31MAY2022
13993927,good,06MAY2022
13994067,good,10MAR2022
14005203,adequate,14JUL2022
14020660,good,09MAR2022
14022914,adequate,01JUN2022
14023580,poor,13APR2022
14027956,adequate,30JUN2022
14036416,good,08SEP2022
14047902,good,18AUG2022
14052246,good,30MAY2022
14052845,good,14MAR2022
14069935,good,27SEP2022
14072488,good,30AUG2022
14084737,good,16AUG2022
14090233,good,09MAR2022
14090642,good,16SEP2022
14097818,adequate,25AUG2022
14104938,good,26APR2022
14108279,adequate,30JUN2022
14124634,good,28FEB2022
14128846,adequate,15AUG2022
14129221,adequate,25JUL2022
14135521,good,05AUG2022
14139750,good,04JUL2022
14151799,good,28APR2022
14152167,good,15SEP2022
14162781,adequate,08AUG2022
14172321,good,18AUG2022
14176425,adequate,15APR2022
14178846,adequate,03FEB2022
14181432,good,08AUG2022
14183596,good,25FEB2022
14190976,poor,03MAR2022
14191343,good,08JUL2022
14198811,good,29APR2022
14201440,good,06APR2022
14208812,good,03AUG2022
14210857,poor,07APR2022
14210863,good,22JUL2022
14213538,good,08JUL2022
14214210,good,14MAR2022
14214597,adequate,06JUL2022
14225887,good,22AUG2022
14229080,good,01APR2022
14233922,good,04FEB2022
14235666,good,04MAR2022
14245514,good,08SEP2022
14245519,adequate,25JUL2022
14251740,good,29AUG2022
14272076,good,12APR2022
14278746,good,27MAY2022
14288015,good,04AUG2022
14289867,good,18APR2022
14290628,good,14JUL2022
14291941,good,27JUN2022
14293998,good,23SEP2022
14294454,good,22AUG2022
14295466,good,13MAY2022
14310639,good,04APR2022
14338844,good,07APR2022
14343758,good,09FEB2022
14348716,good,31MAY2022
14351645,good,02MAR2022
14370874,good,23FEB2022
14381516,adequate,22FEB2022
14396267,good,20JUN2022
14435642,good,31AUG2022
14440740,good,30AUG2022
14442275,good,09MAY2022
14455863,good,04MAY2022
14541609,adequate,10MAR2022
14551028,good,12MAY2022
14561105,good,16JUN2022
14561555,good,03FEB2022
14565705,adequate,05MAY2022
14573082,good,01MAR2022
14605180,adequate,24AUG2022
14625373,adequate,21FEB2022
14634595,good,15AUG2022
14665653,good,02SEP2022
14684934,good,20JUL2022
14766930,good,17AUG2022
14822812,good,02MAR2022
14823598,good,19MAY2022
14824074,good,08JUN2022
14847373,good,30SEP2022
14849808,good,08JUN2022
14855873,good,05APR2022
14870527,adequate,18AUG2022
14872400,good,04AUG2022
14940635,good,01MAR2022
14943816,good,03JUN2022
14964338,good,13JUL2022
15014232,good,26JUL2022
15015138,good,20MAY2022
15067402,adequate,18MAY2022
15126598,good,19AUG2022
15139611,good,03JUN2022
15157009,adequate,17JUN2022
15158805,adequate,05APR2022
15190376,good,19AUG2022
15199233,good,22SEP2022
15199539,good,23MAR2022
15213176,good,27MAY2022
15279107,adequate,28APR2022
15305732,poor,28JUN2022
15332978,good,31AUG2022
15336416,adequate,30SEP2022
15392909,good,09MAY2022
15404226,good,26AUG2022
15420521,good,03JUN2022
15434450,good,22SEP2022
15434776,poor,29JUL2022
15482397,good,12AUG2022
15545611,good,02SEP2022
15575452,adequate,29APR2022
15579833,good,18JUL2022
15593238,adequate,18JUL2022
15617034,good,01JUL2022
15630572,good,27APR2022
15651243,good,06JUN2022
15733280,good,16SEP2022
15736328,good,29MAR2022
15754864,good,24AUG2022
15781454,good,04AUG2022
15819571,good,17JUN2022
15827336,good,20JUL2022
15829929,adequate,12APR2022
15833172,good,26APR2022
15852416,adequate,14FEB2022
15854022,good,24AUG2022
15879748,good,14MAR2022
15884623,good,03MAY2022
15907117,good,05APR2022
15925187,good,11MAY2022
15948338,good,10MAY2022
15956428,poor,29APR2022
15981839,adequate,13JUN2022
15982754,good,14MAR2022
16008867,good,18MAY2022
16023102,good,31MAR2022
16041491,good,30AUG2022
16053025,good,24AUG2022
16068579,good,05MAY2022
16075550,adequate,09AUG2022
16128551,good,11FEB2022
16151744,good,03MAR2022
16185074,poor,11MAR2022
16223381,adequate,15JUL2022
16225479,good,06APR2022
16234164,good,13APR2022
16239897,good,06APR2022
16241545,adequate,01FEB2022
16258299,good,15APR2022
16268805,good,02AUG2022
16270324,good,15AUG2022
16328032,good,21FEB2022
16333399,good,08JUN2022
16350487,good,31AUG2022
16351665,good,14SEP2022
16401451,good,17JUN2022
16406483,good,13APR2022
16423945,good,28JUN2022
16458659,good,25APR2022
16461331,good,13JUN2022
16461781,good,22FEB2022
16467231,good,24FEB2022
16486039,adequate,14SEP2022
16532963,good,18FEB2022
16586881,good,08JUL2022
16600294,good,30MAY2022
16671714,adequate,01JUL2022
16702879,good,19JUL2022
16730821,good,07JUN2022
16732650,adequate,08MAR2022
16749938,adequate,22SEP2022
16803405,adequate,26APR2022
16821241,adequate,19SEP2022
16866589,good,14APR2022
16925263,good,01JUL2022
16942699,good,19APR2022
16948815,good,23SEP2022
16989278,adequate,28APR2022
17004101,good,10AUG2022
17021487,good,17JUN2022
17037974,adequate,06MAY2022
17039272,good,18AUG2022
17049847,good,26AUG2022
17051117,adequate,05APR2022
17069979,good,27APR2022
17087659,good,21JUL2022
17118615,good,18JUL2022
17150514,good,16MAY2022
17151957,good,05AUG2022
17165439,good,15FEB2022
17167280,good,02AUG2022
17237492,good,10FEB2022
17251771,good,08MAR2022
17281172,good,11APR2022
17292858,good,05APR2022
17310378,adequate,04AUG2022
17342950,good,17FEB2022
17343134,good,09FEB2022
17405044,adequate,09AUG2022
17472457,good,07APR2022
17491405,good,06JUN2022
17501637,good,14SEP2022
17509994,good,06MAY2022
17510914,good,20APR2022
17512933,good,14FEB2022
17540600,good,09JUN2022
17543210,adequate,04MAR2022
17553127,good,25AUG2022
17582733,adequate,06SEP2022
17615238,good,07JUL2022
17691432,good,23MAY2022
17692314,adequate,08JUL2022
17693935,good,15SEP2022
17697072,adequate,27JUN2022
17728407,good,20MAY2022
17735555,good,17MAR2022
17749759,good,26APR2022
17782214,good,01JUN2022
17787831,good,19AUG2022
17817982,good,23SEP2022
17838326,good,05AUG2022
17838646,good,22APR2022
17842000,good,25APR2022
17858380,adequate,04FEB2022
17860372,good,03JUN2022
17874635,good,02MAR2022
17882572,good,13APR2022
17898163,good,26MAY2022
17906630,adequate,23MAY2022
17915142,good,13APR2022
17941451,good,15JUL2022
17942289,good,14JUN2022
17955143,good,14SEP2022
17967893,good,18MAR2022
18000860,good,14FEB2022
18006548,good,15APR2022
18018325,good,01MAR2022
18036287,good,20MAY2022
18049085,good,15JUL2022
18050724,adequate,01APR2022
18064621,good,13JUN2022
18070250,good,30MAY2022
18098937,good,14JUN2022
18131223,adequate,29SEP2022
18131974,good,08AUG2022
18135850,adequate,30SEP2022
18143964,good,07APR2022
18155957,good,11FEB2022
18156825,good,01APR2022
18190177,good,18MAY2022
18190533,good,03AUG2022
18192035,adequate,18MAY2022
18196954,adequate,27APR2022
18221071,good,11AUG2022
18248021,good,04MAY2022
18296720,adequate,18MAY2022
18310145,good,23SEP2022
18311417,good,28JUL2022
18320829,adequate,22JUN2022
18326383,good,27APR2022
18353030,good,05MAY2022
18375565,adequate,26MAY2022
18387015,good,25MAR2022
18424427,adequate,22FEB2022
18440447,adequate,01JUN2022
18467350,good,01JUN2022
18513392,good,17FEB2022
18517055,adequate,25APR2022
18533637,good,18APR2022
18544662,good,21JUN2022
18551742,good,15MAR2022
18563877,adequate,31MAR2022
18567734,good,09MAR2022
18578933,adequate,27JUN2022
18581502,good,11MAY2022
18595978,good,21APR2022
18613401,good,17MAR2022
18643359,adequate,03JUN2022
18644432,good,27JUL2022
18644800,good,31AUG2022
18651875,adequate,06MAY2022
18664020,good,22FEB2022
18685203,good,28FEB2022
18688649,good,18AUG2022
18702121,good,07MAR2022
18704251,good,06JUN2022
18716056,adequate,24MAY2022
18716349,good,19APR2022
18742966,good,21APR2022
18751564,good,17MAR2022
18763006,good,13SEP2022
18766956,good,15SEP2022
18787480,good,25MAY2022
18803205,good,02JUN2022
18816578,good,30AUG2022
18820294,good,10MAR2022
18852370,good,18JUL2022
18855093,good,14APR2022
18862689,good,24AUG2022
18863310,good,13JUN2022
18872762,good,13MAY2022
18887334,good,12MAY2022
18890505,good,05SEP2022
18908048,adequate,08APR2022
18924657,good,16JUN2022
18937626,good,15MAR2022
18939872,adequate,01AUG2022
18954725,good,10FEB2022
18957820,adequate,11MAR2022
18966050,good,18MAR2022
18993694,adequate,18MAR2022
18995901,good,29JUL2022
19003438,good,02JUN2022
19025355,good,09FEB2022
19027371,good,17FEB2022
19042705,good,12APR2022
19042749,good,05AUG2022
19045666,good,18MAY2022
19048613,good,26AUG2022
19049595,good,02MAR2022
19050908,good,28JUN2022
19052395,adequate,13SEP2022
19065185,good,13MAY2022
19065199,good,11AUG2022
19075838,adequate,20JUN2022
19081787,good,19SEP2022
19087655,good,25AUG2022
19094892,good,20JUL2022
19097219,good,23SEP2022
19111882,good,22JUL2022
19117307,good,20JUN2022
19126815,good,10MAY2022
19128105,good,16AUG2022
19150984,good,27APR2022
19159220,adequate,18FEB2022
19168084,good,26AUG2022
19172517,good,20JUL2022
19186546,good,20APR2022
19189379,good,02AUG2022
19189874,good,21FEB2022
19203680,good,18AUG2022
19215945,good,28MAR2022
19224773,adequate,18JUL2022
19233202,good,13JUN2022
19236434,good,03JUN2022
19237422,adequate,25MAY2022
19259529,adequate,22SEP2022
19267281,good,24MAR2022
19280617,good,08AUG2022
19287174,good,22SEP2022
19290664,good,07JUL2022
19299751,adequate,29SEP2022
19304483,good,30MAY2022
19306236,good,11MAY2022
19310611,adequate,25MAR2022
19310765,good,16MAY2022
19320804,good,19JUL2022
19322446,good,12SEP2022
19325354,good,30MAR2022
19343116,adequate,03MAY2022
19345037,good,09SEP2022
19357361,adequate,30JUN2022
19357767,good,08FEB2022
19360165,good,12MAY2022
19362600,adequate,02SEP2022
19378550,adequate,09MAY2022
19382863,adequate,30AUG2022
19396182,good,27JUL2022
19405648,good,23SEP2022
19421727,good,25APR2022
19437206,good,17AUG2022
19441324,adequate,30MAY2022
19445585,good,10AUG2022
19447820,adequate,13JUL2022
19454911,good,12JUL2022
19455330,adequate,06JUN2022
19457183,good,29JUN2022
19466263,adequate,10AUG2022
19468283,good,07MAR2022
19472062,good,15FEB2022
19475632,good,17MAY2022
19492967,good,25MAR2022
19494623,good,04MAR2022
19495602,adequate,05MAY2022
19500722,good,09FEB2022
19501175,good,25MAY2022
19515378,good,24FEB2022
19518554,adequate,18MAY2022
19518687,good,15APR2022
19542145,good,20APR2022
19550915,good,17JUN2022
19566899,good,14JUL2022
19567305,good,25APR2022
19570908,good,23FEB2022
19577385,good,10FEB2022
19578538,good,15FEB2022
19586113,good,22APR2022
19588324,good,16JUN2022
19599188,good,03MAR2022
19607074,good,28MAR2022
19608611,good,08SEP2022
19615447,good,16FEB2022
19617803,good,06JUL2022
19632055,adequate,16MAR2022
19635927,poor,22MAR2022
19636790,good,28MAR2022
19649422,good,15FEB2022
19652795,good,15AUG2022
19653377,good,14MAR2022
19657671,good,22APR2022
19666295,good,20APR2022
19669306,good,07MAR2022
19674118,good,02MAR2022
19675246,good,22SEP2022
19678864,good,08MAR2022
19690337,good,01AUG2022
19691320,good,24FEB2022
19691531,adequate,06APR2022
19695990,good,02MAR2022
19707983,adequate,12APR2022
19712247,adequate,30MAR2022
19712524,adequate,28MAR2022
19712784,good,09SEP2022
19713397,good,16SEP2022
19714178,adequate,20SEP2022
19714208,good,06JUN2022
19716251,good,18JUL2022
19716949,good,02JUN2022
19719321,good,26MAY2022
19724753,good,27JUL2022
19726334,good,27SEP2022
19734689,good,20JUN2022
19740520,good,14FEB2022
19743293,good,25MAY2022
19750677,good,26JUL2022
19752841,good,16MAR2022
19756778,good,28APR2022
19758185,good,03MAY2022
19765677,adequate,07FEB2022
19766062,adequate,07APR2022
19775587,adequate,18MAR2022
19776947,good,22AUG2022
19792866,good,19SEP2022
19794985,good,01AUG2022
19795169,good,16SEP2022
19796903,good,14MAR2022
19799035,adequate,07JUN2022
19804230,poor,15SEP2022
19806748,adequate,15FEB2022
19807930,adequate,21FEB2022
19808003,good,23AUG2022
19816840,good,04APR2022
19818764,good,10MAR2022
19822513,adequate,24AUG2022
19837757,adequate,01AUG2022
19846254,good,03JUN2022
19850666,good,08SEP2022
19853741,adequate,11MAY2022
19861550,adequate,01APR2022
19866344,adequate,05AUG2022
19868076,adequate,02AUG2022
19869145,good,04FEB2022
19874080,adequate,25FEB2022
19881651,good,22FEB2022
19882373,good,21MAR2022
19883162,adequate,20APR2022
19884835,good,29SEP2022
19887964,good,08SEP2022
19889392,good,26AUG2022
19909609,good,03JUN2022
19918299,good,30AUG2022
19919660,good,02MAR2022
19920770,good,23JUN2022
19921977,good,24AUG2022
19929071,good,11MAY2022
19929719,adequate,12APR2022
19939009,good,15SEP2022
19939856,adequate,01APR2022
19940499,good,09SEP2022
19947023,good,02FEB2022
19947888,good,05SEP2022
19947984,good,20SEP2022
19963061,adequate,11MAR2022
19965140,good,21MAR2022
19965161,good,25MAR2022
19978960,good,21APR2022
19981035,adequate,22JUN2022
19981042,good,22SEP2022
19985040,good,20MAY2022
19994386,good,06JUN2022
19997825,good,28JUL2022
20005369,good,26APR2022
20012994,good,16MAR2022
20014216,good,23JUN2022
20014297,good,21FEB2022
20027455,good,23MAR2022
20041445,adequate,14JUL2022
20043131,adequate,21MAR2022
20046025,good,27MAY2022
20051405,good,07FEB2022
20052129,good,13JUL2022
20054002,good,23MAR2022
20061856,adequate,13SEP2022
20066872,good,03FEB2022
20070552,good,27JUL2022
20073031,good,22MAR2022
20095550,adequate,30JUN2022
20123467,good,06JUN2022
20130017,good,18APR2022
20131496,good,13JUL2022
20133245,good,28SEP2022
20135339,good,22MAR2022
20136068,good,28MAR2022
20136160,good,12APR2022
20144121,adequate,10AUG2022
20145941,good,30JUN2022
20146233,good,02AUG2022
20148266,good,15MAR2022
20151808,good,12APR2022
20152829,good,23FEB2022
20159862,good,31AUG2022
20170961,good,20JUN2022
20171841,good,25APR2022
20176592,good,15APR2022
20183288,good,16MAY2022
20189698,poor,21APR2022
20192578,good,14MAR2022
20193016,good,05MAY2022
20194303,good,07SEP2022
20202805,adequate,08FEB2022
20207878,good,29MAR2022
20211961,good,23JUN2022
20211991,good,16MAY2022
20226426,adequate,30MAR2022
20231682,adequate,19MAY2022
20238981,adequate,23MAY2022
20242214,good,02AUG2022
20244691,adequate,09FEB2022
20261347,good,26AUG2022
20268923,good,12APR2022
20274725,good,26SEP2022
20276042,good,23SEP2022
20280455,good,08SEP2022
20283680,good,27MAY2022
20292207,good,25FEB2022
20292645,adequate,23AUG2022
20304312,good,18FEB2022
20305593,good,15AUG2022
20313594,good,09SEP2022
20315805,good,18AUG2022
20385261,good,01FEB2022
20398605,adequate,04JUL2022
20404966,good,13SEP2022
20408338,good,30MAR2022
20415534,good,02AUG2022
20416739,good,16MAY2022
20417701,good,23MAR2022
20417834,good,04APR2022
20424050,good,30MAR2022
20447425,good,17FEB2022
20449675,good,12AUG2022
20451899,good,15APR2022
20453258,adequate,06APR2022
20454088,good,22APR2022
20492900,adequate,06SEP2022
20495800,good,09MAY2022
20567691,adequate,16FEB2022
20569066,adequate,04MAR2022
20570485,good,23AUG2022
20579889,good,31MAY2022
20580085,good,07JUN2022
20598503,adequate,03MAR2022
20604749,good,28JUN2022
20611227,good,05AUG2022
20616694,good,08AUG2022
20635142,adequate,05JUL2022
20653369,good,31MAY2022
20657406,good,06JUN2022
20671139,adequate,15MAR2022
20677889,good,22APR2022
20769848,good,21JUN2022
20781713,good,09SEP2022
20811658,good,05AUG2022
20842659,adequate,06JUL2022
20852799,good,03MAR2022
20867658,good,19AUG2022
20882225,good,02SEP2022
20913877,good,08SEP2022
20932019,good,22AUG2022
21006558,good,08MAR2022
21008981,good,14MAR2022
21018945,good,04JUL2022
21036610,good,30MAY2022
21036965,good,23MAR2022
21092475,good,31MAY2022
21102498,adequate,22APR2022
21123935,good,30JUN2022
21163532,good,25MAY2022
21174932,adequate,15APR2022
21185326,good,15AUG2022
21197486,adequate,08SEP2022
21205718,good,06JUL2022
21208071,good,06MAY2022
21211013,adequate,12MAY2022
21230598,good,25FEB2022
21235244,good,03AUG2022
21249765,good,24JUN2022
21250224,adequate,15SEP2022
21261568,good,16JUN2022
21264758,good,01MAR2022
21306403,good,12SEP2022
21311270,good,07SEP2022
21331489,adequate,09JUN2022
21343433,good,11APR2022
21361127,adequate,12AUG2022
21366394,good,15SEP2022
21395829,adequate,29APR2022
21408166,good,28FEB2022
21410410,good,22SEP2022
21416800,good,17JUN2022
21434405,adequate,09JUN2022
21495732,good,17JUN2022
21513197,adequate,22MAR2022
21514280,good,28SEP2022
21515970,good,15APR2022
21516082,good,27APR2022
21547624,good,10JUN2022
21557100,good,28SEP2022
21557536,good,11APR2022
21573763,good,11APR2022
21575317,good,28MAR2022
21575381,adequate,24MAR2022
21579651,good,11JUL2022
21589157,good,11JUL2022
21594256,good,22APR2022
21627004,good,10MAY2022
21641488,good,14JUN2022
21642183,good,23JUN2022
21645078,good,12APR2022
21675008,good,12JUL2022
21681280,good,26APR2022
21706643,good,01FEB2022
21715901,good,15JUL2022
21736236,good,16MAR2022
21737730,adequate,10JUN2022
21761170,good,17AUG2022
21763300,good,13SEP2022
21769154,good,02SEP2022
21781062,good,02JUN2022
21796520,adequate,28SEP2022
21808970,good,29APR2022
21809036,good,10AUG2022
21837493,good,27APR2022
21843394,good,04APR2022
21855619,good,23MAR2022
21857890,adequate,06JUN2022
21860079,good,22FEB2022
21875530,good,23AUG2022
21876919,good,28MAR2022
21881884,good,27JUN2022
21887431,good,07FEB2022
21889931,adequate,22AUG2022
21896677,good,26AUG2022
21898859,adequate,28JUN2022
21929525,good,28APR2022
21933537,good,12AUG2022
21973354,adequate,05MAY2022
21987155,good,23FEB2022
21993106,good,20APR2022
21995733,adequate,05APR2022
21996697,good,18AUG2022
22007116,good,01MAR2022
22093764,good,02AUG2022
22097397,good,25APR2022
22100631,adequate,28MAR2022
22102766,good,25APR2022
22123360,adequate,16MAY2022
22139590,adequate,31MAY2022
22142915,good,06JUN2022
22147581,good,10MAR2022
22171412,adequate,05APR2022
22172247,good,29SEP2022
22187488,good,13APR2022
22201056,good,01SEP2022
22217697,good,23AUG2022
22218995,good,08FEB2022
22239458,good,15SEP2022
22247438,adequate,03JUN2022
22255765,adequate,08JUL2022
22262495,adequate,01APR2022
22278309,good,22JUL2022
22305420,good,05APR2022
22306531,good,14SEP2022
22324851,good,24MAY2022
22330377,good,15FEB2022
22339896,adequate,29SEP2022
22342273,good,02MAY2022
22349538,adequate,16AUG2022
22367067,adequate,21SEP2022
22377365,good,29AUG2022
22389484,good,09MAY2022
22450924,good,08AUG2022
22452726,good,06JUL2022
22453786,adequate,03MAY2022
22464067,good,20JUN2022
22477214,good,04JUL2022
22485490,adequate,30MAY2022
22491958,poor,31MAY2022
22538537,good,19MAY2022
22545025,good,17MAR2022
22576709,adequate,25APR2022
22577381,good,05JUL2022
22585939,good,09MAY2022
22599477,good,06SEP2022
22632025,good,23JUN2022
22653317,good,14JUN2022
22663083,good,07JUL2022
22672603,good,02FEB2022
22681861,good,19JUL2022
22689478,good,17AUG2022
22690541,good,02AUG2022
22699249,good,22MAR2022
22699259,adequate,16AUG2022
22702714,good,16SEP2022
22725982,good,16MAY2022
22726076,good,16SEP2022
22729660,good,31MAR2022
22745641,adequate,10MAY2022
22764108,good,12SEP2022
22770544,good,12APR2022
22822844,adequate,13JUL2022
22845359,good,18APR2022
22864900,good,30JUN2022
22873974,good,17FEB2022
22889831,good,31MAR2022
22940317,good,21SEP2022
22964515,good,29APR2022
22977132,adequate,30MAR2022
23001779,good,09JUN2022
23009659,good,15APR2022
23012079,adequate,29MAR2022
23016260,good,03MAR2022
23031187,good,31MAY2022
23037030,poor,05SEP2022
23039654,good,23SEP2022
23051669,good,08JUL2022
23072502,good,23JUN2022
23089449,good,08SEP2022
23103521,good,11MAR2022
23117111,good,06APR2022
23121466,good,23SEP2022
23127505,good,04APR2022
23175643,adequate,18APR2022
23184483,poor,13MAY2022
23236012,good,21JUL2022
23250994,adequate,21JUL2022
23347316,good,16MAY2022
23355185,good,11APR2022
23407809,good,12MAY2022
23429790,good,18AUG2022
23435435,adequate,15AUG2022
23436019,good,23AUG2022
23449794,good,24AUG2022
23452066,good,11MAY2022
23459431,good,07SEP2022
23491598,good,26MAY2022
23491781,good,13APR2022
23515634,good,13APR2022
23525191,good,09JUN2022
23540394,good,11MAY2022
23554266,good,02JUN2022
23554550,adequate,25MAY2022
23554614,good,06APR2022
23562872,good,09JUN2022
23592829,good,14SEP2022
23606185,adequate,08AUG2022
23622053,good,07JUL2022
23628207,good,24AUG2022
23643024,good,25FEB2022
23666267,good,05APR2022
23676997,good,30MAY2022
23697173,good,29JUL2022
23700583,good,18JUL2022
23710266,good,19SEP2022
23722393,good,24MAY2022
23739858,good,31AUG2022
23744430,good,23SEP2022
23761326,good,23JUN2022
23780640,good,05JUL2022
23784497,good,29SEP2022
23821622,good,16AUG2022
23895055,good,23FEB2022
23902945,adequate,04MAR2022
23904802,good,22APR2022
23916140,good,24AUG2022
23918906,good,31MAY2022
23924773,good,23JUN2022
23931136,good,12APR2022
23933675,good,19AUG2022
23933729,good,28APR2022
23936515,adequate,31AUG2022
23955480,adequate,27SEP2022
23991196,good,21JUN2022
24016873,adequate,14JUN2022
24018844,good,21JUL2022
24027698,adequate,11APR2022
24032784,good,12JUL2022
24045810,good,09SEP2022
24050204,good,03AUG2022
24070722,good,06JUL2022
24077853,adequate,04FEB2022
24125655,good,30JUN2022
24129709,good,15AUG2022
24130630,good,08AUG2022
24146399,good,25AUG2022
24165455,good,25APR2022
24194402,adequate,25MAR2022
24195753,good,21MAR2022
24214898,good,31AUG2022
24215720,adequate,01AUG2022
24221310,good,23JUN2022
24237224,good,14JUL2022
24242984,good,22AUG2022
24290620,adequate,10MAY2022
24304011,good,15SEP2022
24304365,adequate,14SEP2022
24309274,adequate,30MAR2022
24331178,adequate,13MAY2022
24342507,adequate,13APR2022
24346044,good,09MAR2022
24351787,good,05SEP2022
24371044,adequate,27APR2022
24418399,good,22FEB2022
24427259,good,14JUL2022
24433973,good,21MAR2022
24444708,good,14FEB2022
24450818,good,27APR2022
24469283,good,11FEB2022
24488663,good,25MAY2022
24553841,good,13MAY2022
24586377,adequate,21JUN2022
24587092,good,23SEP2022
24604377,good,26MAY2022
24610653,adequate,14MAR2022
24619455,adequate,17FEB2022
24620146,adequate,01AUG2022
24625457,good,30JUN2022
24638389,good,22MAR2022
24640287,good,27MAY2022
24640293,good,21JUN2022
24669609,adequate,22FEB2022
24673330,adequate,24MAY2022
24675875,good,19SEP2022
24677949,good,19AUG2022
24685378,adequate,03MAR2022
24688129,good,05SEP2022
24703704,good,21SEP2022
24708668,good,06JUL2022
24732623,good,11JUL2022
24732642,good,06JUN2022
24745573,good,18FEB2022
24752422,good,16SEP2022
24767895,good,22MAR2022
24769599,good,06APR2022
24772365,adequate,18MAR2022
24776505,good,25AUG2022
24797937,good,02MAR2022
24802529,good,11JUL2022
24805074,adequate,07SEP2022
24805465,adequate,15JUL2022
24821846,adequate,03FEB2022
24865228,good,08AUG2022
24909138,good,18APR2022
24932674,good,30MAY2022
24934013,good,18AUG2022
24935184,good,31MAR2022
24937618,good,08FEB2022
24937865,good,11MAY2022
24939371,good,03MAY2022
24950186,adequate,19JUL2022
24953278,good,24JUN2022
24960791,good,06SEP2022
24981767,adequate,21JUN2022
24984769,poor,02JUN2022
24990169,good,18APR2022
24990499,good,27APR2022
24996229,good,12APR2022
25004726,good,12JUL2022
25013702,good,16FEB2022
25039417,good,04FEB2022
25046729,good,21APR2022
25048596,good,03JUN2022
25052676,adequate,08SEP2022
25062294,good,08JUN2022
25065858,good,05MAY2022
25076438,good,02AUG2022
25077542,good,20JUL2022
25081891,good,15JUL2022
25093706,good,17MAR2022
25103977,adequate,13JUN2022
25119577,good,08APR2022
25120538,good,26MAY2022
25128944,good,29MAR2022
25129267,good,18FEB2022
25148315,good,17AUG2022
25155136,good,30JUN2022
25176275,good,16JUN2022
25177816,good,09SEP2022
25180209,good,30MAR2022
25180897,good,01SEP2022
25224301,good,17MAR2022
25224386,good,23JUN2022
25227597,good,09SEP2022
25244022,good,07JUL2022
25249324,good,29MAR2022
25261808,good,10MAY2022
25274179,good,23FEB2022
25318776,good,09AUG2022
25338265,good,11APR2022
25372828,good,11JUL2022
25435927,good,29SEP2022
25451619,good,13JUN2022
25451720,adequate,24JUN2022
25470311,good,18MAY2022
25477093,adequate,03FEB2022
25495647,adequate,11FEB2022
25499192,good,01APR2022
25535926,good,21FEB2022
25548768,good,29APR2022
25561912,adequate,31MAY2022
25561990,good,24MAY2022
25600628,good,01FEB2022
25620232,good,09AUG2022
25625373,good,04JUL2022
25642550,good,19APR2022
25650661,good,25MAR2022
25697628,good,04MAY2022
25701535,good,07MAR2022
25730551,good,17FEB2022
25737117,good,13SEP2022
25758350,good,24MAY2022
25761944,good,23MAR2022
25771428,adequate,07JUL2022
25775156,good,27SEP2022
25775378,good,15SEP2022
25776426,good,21JUL2022
25778016,good,21JUL2022
25780895,good,01MAR2022
25794226,good,10MAY2022
25794627,good,16AUG2022
25805807,adequate,14JUN2022
25836942,adequate,25JUL2022
25838853,good,20JUN2022
25839950,good,25JUL2022
25850688,good,10MAY2022
25852208,good,29SEP2022
25858951,adequate,10MAR2022
25859815,good,05SEP2022
25863866,good,09FEB2022
25877545,good,16MAR2022
25891083,good,10MAR2022
25909102,adequate,03MAR2022
25909956,good,29JUL2022
25928228,good,16SEP2022
25943340,good,14FEB2022
25973759,good,17FEB2022
25991426,good,02FEB2022
25995189,good,03MAY2022
26006118,good,07SEP2022
26006295,good,15JUL2022
26053967,good,17JUN2022
26061972,good,23FEB2022
26062626,adequate,16MAR2022
26063001,good,23MAR2022
26073411,good,20APR2022
26079169,adequate,11JUL2022
26083882,good,21MAR2022
26091599,adequate,15FEB2022
26101320,good,14JUL2022
26116404,good,30MAY2022
26129089,adequate,06JUN2022
26132741,good,30MAR2022
26133433,good,21JUN2022
26135012,good,27JUL2022
26156886,good,11JUL2022
26178840,adequate,12JUL2022
26182755,good,22MAR2022
26223366,adequate,12MAY2022
26250793,good,26MAY2022
26268191,good,22AUG2022
26296757,good,29JUN2022
26296966,good,08JUL2022
26313495,good,11AUG2022
26321853,good,03AUG2022
26324615,good,31AUG2022
26347141,good,19SEP2022
26350295,good,24AUG2022
26350879,adequate,16JUN2022
26353379,good,21SEP2022
26355717,good,09MAR2022
26358291,adequate,12JUL2022
26361549,good,04JUL2022
26361809,good,20JUN2022
26363233,good,13JUN2022
26364118,good,11MAY2022
26364408,good,06MAY2022
26380072,adequate,04JUL2022
26380810,good,29JUL2022
26392602,good,16JUN2022
26407180,adequate,31MAR2022
26413526,adequate,10MAR2022
26423412,good,12SEP2022
26439879,adequate,13SEP2022
26440002,adequate,02FEB2022
26472692,good,18FEB2022
26483263,good,11AUG2022
26498720,good,20SEP2022
26517377,good,21APR2022
26523476,good,26AUG2022
26546235,good,28MAR2022
26552935,good,29MAR2022
26593158,good,22JUN2022
26595173,good,01MAR2022
26595290,good,18FEB2022
26634226,good,09MAY2022
26648002,good,21APR2022
26654067,good,26JUL2022
26656672,good,10JUN2022
26658362,good,19SEP2022
26664556,good,11FEB2022
26690605,good,02JUN2022
26698540,good,16FEB2022
26702720,good,15JUN2022
26703943,adequate,05JUL2022
26708747,good,19APR2022
26709445,good,03JUN2022
26711238,good,22JUN2022
26716505,good,18APR2022
26778876,good,26MAY2022
26791827,poor,21JUN2022
26797176,good,25MAR2022
26800030,good,19MAY2022
26808110,good,18APR2022
26812909,adequate,17JUN2022
26837662,good,02AUG2022
26849727,good,08AUG2022
26864573,adequate,12APR2022
26866305,good,04APR2022
26867176,adequate,02JUN2022
26868516,adequate,02JUN2022
26885470,good,12MAY2022
26892544,adequate,02MAR2022
26918920,adequate,31AUG2022
26942557,good,11JUL2022
26945941,good,25MAR2022
26947575,good,31MAR2022
26952206,good,10JUN2022
26973797,good,26MAY2022
26975035,good,01FEB2022
26982885,good,14FEB2022
26990765,good,25MAY2022
26990916,good,27MAY2022
26991518,good,31AUG2022
27006014,good,20JUN2022
27015157,adequate,04APR2022
27025135,good,17AUG2022
27039076,good,09MAY2022
27040853,adequate,04MAR2022
27043607,good,28APR2022
27053078,good,14SEP2022
27056431,good,13JUN2022
27077597,good,23MAR2022
27082368,good,28APR2022
27086068,good,03MAR2022
27098695,good,11FEB2022
27099158,good,27APR2022
27104478,good,09MAY2022
27110423,adequate,28FEB2022
27121144,adequate,05SEP2022
27129690,good,30JUN2022
27133042,adequate,12MAY2022
27133968,good,07MAR2022
27150848,good,17JUN2022
27158249,good,01MAR2022
27159149,good,15FEB2022
27162113,good,09MAY2022
27164496,good,02MAR2022
27189084,good,12APR2022
27195821,good,15APR2022
27199496,good,18FEB2022
27201763,good,29APR2022
27213768,adequate,21SEP2022
27214317,good,05SEP2022
27226747,good,25AUG2022
27229114,good,07JUL2022
27231132,good,12MAY2022
27240967,adequate,18MAR2022
27249416,good,11APR2022
27251695,adequate,04MAR2022
27254239,good,25FEB2022
27271143,good,01MAR2022
27271418,adequate,24MAR2022
27294582,good,29APR2022
27302840,good,13JUN2022
27305208,good,15JUL2022
27310544,good,15MAR2022
27321388,adequate,01APR2022
27333314,good,06JUN2022
27352393,adequate,18AUG2022
27354720,good,22JUL2022
27355324,good,18JUL2022
27360663,good,29MAR2022
27361021,adequate,22SEP2022
27362342,good,07APR2022
27363243,good,31AUG2022
27363818,good,30JUN2022
27389914,good,03MAR2022
27391940,adequate,06MAY2022
27392214,good,22SEP2022
27392620,adequate,15APR2022
27396724,good,16SEP2022
27398266,poor,15MAR2022
27400652,good,07APR2022
27424560,adequate,12AUG2022
27431658,good,29AUG2022
27456699,adequate,29APR2022
27464805,good,28JUN2022
27466313,adequate,11JUL2022
27474393,good,25AUG2022
27475778,adequate,09MAR2022
27480523,good,31AUG2022
27481460,good,15MAR2022
27485082,good,10MAR2022
27488910,good,27MAY2022
27491494,good,02MAR2022
27494250,good,29SEP2022
27498164,good,11APR2022
27500639,adequate,21APR2022
27501692,good,06APR2022
27507134,adequate,05SEP2022
27539524,good,23AUG2022
27548097,good,18MAR2022
27552079,good,18FEB2022
27571406,good,16MAY2022
27578921,good,28SEP2022
27597330,good,05SEP2022
27598000,good,12AUG2022
27615263,adequate,17JUN2022
27620618,adequate,16JUN2022
27627257,adequate,09AUG2022
27648767,good,14JUN2022
27650211,good,11MAR2022
27656111,good,15JUN2022
27695621,adequate,24FEB2022
27717807,adequate,22JUN2022
27720859,good,23SEP2022
27747272,good,09FEB2022
27758962,adequate,13JUL2022
27765380,good,08JUL2022
27774464,good,19JUL2022
27775204,good,10MAR2022
27776958,good,22MAR2022
27810165,good,08MAR2022
27839489,good,09AUG2022
27847254,good,09MAY2022
27862817,good,06JUN2022
27864922,good,22SEP2022
27887352,adequate,22JUN2022
27890120,good,08AUG2022
27905675,good,23FEB2022
27921836,good,15JUL2022
27959281,adequate,15JUL2022
28039775,good,29APR2022
28040968,good,22MAR2022
28048325,good,18JUL2022
28072489,good,08JUN2022
28091885,good,11MAR2022
28095922,good,18AUG2022
28095934,good,02SEP2022
28159042,good,13APR2022
28172680,good,01AUG2022
28226377,good,30AUG2022
28244662,good,14JUL2022
28273358,adequate,17MAR2022
28308107,adequate,08APR2022
28359563,adequate,19JUL2022
28428756,adequate,20JUL2022
28433216,good,09SEP2022
28458731,poor,05SEP2022
28506305,adequate,07FEB2022
28508462,adequate,28JUN2022
28510460,good,04JUL2022
28519818,good,07MAR2022
28581519,good,22JUN2022
28594180,good,27MAY2022
28601631,good,20APR2022
28619333,adequate,30AUG2022
28658427,good,05APR2022
28666808,good,08FEB2022
28708329,adequate,22SEP2022
28708851,good,18MAY2022
28799780,good,10AUG2022
28805196,good,16MAY2022
28827901,good,21MAR2022
28828119,adequate,01APR2022
28828907,good,29MAR2022
28829418,good,06SEP2022
28835906,good,24MAY2022
28852706,adequate,02SEP2022
28985274,good,15FEB2022
29023354,good,02JUN2022
29033403,good,23FEB2022
29095491,good,27SEP2022
29125592,good,10MAR2022
29143236,good,23MAR2022
29169560,good,29JUL2022
29172606,good,14MAR2022
29186961,good,22JUL2022
29203437,adequate,07MAR2022
29269828,good,05SEP2022
29325500,good,23JUN2022
29381406,adequate,28MAR2022
29382978,adequate,20JUL2022
29392394,good,29APR2022
29404588,poor,22AUG2022
29427837,good,30AUG2022
29434602,good,15AUG2022
29457799,good,21JUN2022
29458315,good,08FEB2022
29488824,good,03AUG2022
29505313,good,20APR2022
29509341,good,18JUL2022
29516694,good,14JUN2022
29517220,good,26SEP2022
29619367,adequate,20MAY2022
29679962,good,13SEP2022
29725943,good,03JUN2022
29770495,good,18MAR2022
29773015,good,11MAR2022
29779618,good,05AUG2022
29814861,good,07MAR2022
29845476,good,23AUG2022
29879683,adequate,17MAR2022
29895352,adequate,09SEP2022
29924965,good,14FEB2022
30002253,adequate,23SEP2022
30016290,adequate,27APR2022
30016322,good,07JUN2022
30025226,adequate,03MAR2022
30077275,adequate,13JUN2022
30104364,good,30MAR2022
30149464,adequate,15JUN2022
30155816,good,29AUG2022
30194635,good,24MAY2022
30222726,adequate,24JUN2022
30226905,good,23SEP2022
30226996,good,12AUG2022
30249351,adequate,25MAR2022
30279102,good,05AUG2022
30292097,adequate,15MAR2022
30303895,good,12JUL2022
30339956,good,16SEP2022
30366848,good,12MAY2022
30371995,good,11MAY2022
30373073,adequate,08SEP2022
30373225,good,08AUG2022
30418367,adequate,16JUN2022
30423121,adequate,05MAY2022
30433302,good,22FEB2022
30491063,good,25FEB2022
30493159,good,02JUN2022
30518513,adequate,04AUG2022
30530605,good,22FEB2022
30531334,good,30JUN2022
30557139,good,04APR2022
30558667,good,27JUL2022
30596984,good,08JUL2022
30636301,good,05AUG2022
30701873,good,14SEP2022
30726796,adequate,08APR2022
30726965,adequate,21SEP2022
30729656,good,18APR2022
30733831,good,05JUL2022
30735952,good,08JUN2022
30739350,good,01APR2022
30756721,good,11APR2022
30760306,good,06SEP2022
30760390,good,14MAR2022
30767248,good,27JUN2022
30813332,good,30MAR2022
30908118,adequate,02AUG2022
30928254,good,23MAY2022
30928789,good,11APR2022
30961594,adequate,11JUL2022
30964219,adequate,13SEP2022
30994848,good,04AUG2022
30998624,good,30MAR2022
30999096,adequate,29MAR2022
31012172,poor,06JUL2022
31039626,good,17MAY2022
31072316,good,03AUG2022
31083380,good,11APR2022
31094070,adequate,21MAR2022
31141575,adequate,07JUL2022
31150618,good,28JUL2022
31164145,good,12APR2022
31170201,good,05SEP2022
31189510,adequate,08APR2022
31198756,poor,15JUL2022
31200696,good,12AUG2022
31238397,good,22APR2022
31262195,good,14SEP2022
31275022,good,23MAR2022
31279665,adequate,11MAR2022
31291303,good,19SEP2022
31313065,adequate,10AUG2022
31332216,good,22APR2022
31369909,good,28MAR2022
31371536,good,12JUL2022
31372920,good,22SEP2022
31377117,good,08SEP2022
31431748,good,02JUN2022
31442869,adequate,29APR2022
31451466,good,20SEP2022
31452767,good,18AUG2022
31491814,adequate,06JUL2022
31495132,good,15FEB2022
31530752,good,23SEP2022
31536117,good,01AUG2022
31634268,good,14MAR2022
31636181,good,03MAR2022
31638054,good,13JUN2022
31665076,good,07SEP2022
31702774,good,24JUN2022
31703448,good,16MAY2022
31725009,good,08AUG2022
31733453,good,31AUG2022
31801671,good,04MAR2022
31803516,good,07JUN2022
31816315,good,11MAR2022
31819164,good,23MAY2022
31844413,good,08APR2022
31847674,good,28JUL2022
31857109,good,23SEP2022
31868768,adequate,17MAR2022
31945651,good,10FEB2022
31981510,good,13MAY2022
32002465,good,10JUN2022
32076266,good,29MAR2022
32099783,good,25JUL2022
32122773,good,22SEP2022
32125180,good,20SEP2022
32152462,good,29JUL2022
32154640,good,14JUL2022
32176425,good,14MAR2022
32189867,good,21MAR2022
32199747,good,20SEP2022
32210864,good,19MAY2022
32281835,adequate,27JUL2022
32297251,good,26AUG2022
32298522,good,15MAR2022
32303065,good,11AUG2022
32321688,good,20APR2022
32323868,adequate,15MAR2022
32326356,good,03AUG2022
32351121,adequate,12MAY2022
32354693,good,03AUG2022
32356192,good,15FEB2022
32401597,good,04APR2022
32401812,good,02AUG2022
32407632,poor,16MAR2022
32414929,good,08AUG2022
32422455,adequate,06JUL2022
32433582,good,07JUN2022
32442032,good,27SEP2022
32460147,good,10MAR2022
32461917,good,02JUN2022
32470694,good,02MAR2022
32481221,good,05SEP2022
32489043,good,19MAY2022
32509698,adequate,21APR2022
32523646,good,04FEB2022
32584623,good,12MAY2022
32598351,good,22JUL2022
32625540,good,03MAY2022
32627691,good,23FEB2022
32628984,good,09MAR2022
32662544,good,24FEB2022
32667849,good,29APR2022
32688376,good,14FEB2022
32689945,good,16AUG2022
32706666,adequate,28APR2022
32708212,adequate,25APR2022
32739360,good,30MAR2022
32785395,adequate,08AUG2022
32831225,good,15AUG2022
32861982,good,07APR2022
32862349,good,26APR2022
32912207,adequate,01JUL2022
32918352,adequate,21APR2022
32918710,good,17MAY2022
32933775,good,17FEB2022
32943923,good,06JUL2022
32952867,good,22JUN2022
32958828,good,14FEB2022
32971229,good,29SEP2022
32974529,good,28JUL2022
32974981,adequate,19SEP2022
33018301,good,13JUL2022
33026288,poor,28JUN2022
33059783,adequate,24JUN2022
33067322,adequate,25FEB2022
33074591,good,22SEP2022
33077765,good,09AUG2022
33085743,good,08AUG2022
33090118,good,06JUN2022
33090903,adequate,26SEP2022
33110642,good,14SEP2022
33114166,good,16MAR2022
33124189,adequate,27APR2022
33127836,good,26SEP2022
33133513,good,23MAR2022
33148200,good,21APR2022
33163399,good,10MAR2022
33220048,good,02JUN2022
33220466,good,03AUG2022
33236487,adequate,09MAY2022
33249261,good,29SEP2022
33260517,good,13SEP2022
33260521,good,19SEP2022
33260805,good,02JUN2022
33261491,good,11APR2022
33264604,good,15FEB2022
33269515,adequate,18MAY2022
33301825,good,31AUG2022
33329926,adequate,24MAY2022
33355881,good,28JUN2022
33385737,good,27SEP2022
33438781,good,31AUG2022
33446501,good,06JUL2022
33464415,good,15FEB2022
33484535,adequate,21JUL2022
33489879,good,18MAR2022
33514112,good,24AUG2022
33544347,good,26MAY2022
33544901,poor,15AUG2022
33547987,good,29SEP2022
33549892,adequate,09SEP2022
33572934,adequate,21MAR2022
33584808,good,09JUN2022
33586604,good,19SEP2022
33608331,good,04APR2022
33609335,good,07FEB2022
33629484,good,06SEP2022
33654327,good,14APR2022
33655876,good,11JUL2022
33656507,good,08FEB2022
33661571,good,02MAY2022
33681346,adequate,08MAR2022
33697719,adequate,26SEP2022
33700503,adequate,24MAY2022
33701234,good,21JUN2022
33731959,good,28FEB2022
33733567,adequate,02AUG2022
33745073,good,17FEB2022
33762449,good,18APR2022
33763985,good,24MAR2022
33773273,good,25AUG2022
33793109,good,20APR2022
33794072,good,18APR2022
33827591,good,05MAY2022
33872299,good,08JUN2022
33889049,adequate,17AUG2022
33901221,good,10JUN2022
33935502,adequate,15APR2022
33938510,adequate,29MAR2022
33939209,good,20SEP2022
33980559,good,03MAR2022
33989060,adequate,13SEP2022
33994950,good,19JUL2022
34031520,adequate,06SEP2022
34031589,good,25APR2022
34039153,adequate,10MAR2022
34048592,good,12MAY2022
34103758,good,24JUN2022
34117969,good,18MAY2022
34137423,good,21JUN2022
34137824,good,20JUN2022
34138316,good,06JUL2022
34158448,good,31AUG2022
34163771,good,19SEP2022
34170192,good,13MAY2022
34170784,adequate,10JUN2022
34171077,good,01APR2022
34190291,adequate,12AUG2022
34194291,adequate,01JUL2022
34217941,good,01APR2022
34240722,good,18APR2022
34274203,good,27JUL2022
34294041,good,25JUL2022
34297228,adequate,02FEB2022
34297860,adequate,03JUN2022
34303189,adequate,06SEP2022
34313701,good,02MAY2022
34324282,good,04APR2022
34326554,adequate,02AUG2022
34328969,good,01JUL2022
34340790,good,12AUG2022
34349634,good,19APR2022
34353620,good,22APR2022
34383277,good,14MAR2022
34386051,good,18APR2022
34386794,good,08JUN2022
34387592,poor,03MAY2022
34391985,good,07FEB2022
34408501,good,05MAY2022
34410733,good,21APR2022
34411942,adequate,24AUG2022
34432812,good,11MAR2022
34443476,adequate,17MAR2022
34456524,good,17AUG2022
34456585,poor,20JUL2022
34466660,good,24JUN2022
34471911,good,12MAY2022
34487517,good,24AUG2022
34491984,adequate,18FEB2022
34492298,adequate,13JUL2022
34499360,good,23MAY2022
34505594,good,01SEP2022
34505845,good,16FEB2022
34534884,good,27JUN2022
34535041,good,27MAY2022
34536586,adequate,02MAR2022
34551294,adequate,10MAR2022
34553304,good,07FEB2022
34559855,adequate,22FEB2022
34595946,good,12SEP2022
34608425,poor,23JUN2022
34640237,good,10JUN2022
34650187,good,26MAY2022
34673104,good,04AUG2022
34674230,good,07MAR2022
34676039,good,08SEP2022
34701857,good,09AUG2022
34705085,good,06JUL2022
34705478,good,26MAY2022
34726168,good,16FEB2022
34748902,good,20JUL2022
34751225,adequate,10FEB2022
34765526,good,01JUL2022
34766279,good,08AUG2022
34802265,adequate,17MAY2022
34803655,good,06JUN2022
34811914,adequate,05APR2022
34859972,good,03JUN2022
34861729,good,15AUG2022
34885881,good,14JUN2022
34889153,good,10JUN2022
34897087,adequate,15SEP2022
34903335,good,24MAY2022
34906019,good,11FEB2022
34942530,adequate,25AUG2022
34954085,good,23AUG2022
34957149,good,19APR2022
34960104,good,26JUL2022
34972557,poor,07JUL2022
35024028,adequate,08JUL2022
35024078,good,21MAR2022
35024855,good,28JUL2022
35028350,good,20JUL2022
35033667,good,17FEB2022
35035304,good,11FEB2022
35076405,good,19APR2022
35077273,good,05JUL2022
35081228,good,02MAR2022
35083298,good,10MAR2022
35091588,good,27MAY2022
35107164,good,18MAY2022
35113102,good,28APR2022
35116875,adequate,01APR2022
35117122,good,30MAR2022
35121982,adequate,28JUL2022
35142823,good,20JUN2022
35143574,adequate,09MAR2022
35155328,good,09SEP2022
35158813,good,23AUG2022
35190304,good,05JUL2022
35206244,adequate,22JUN2022
35212727,good,27SEP2022
35220522,good,13SEP2022
35228410,good,31MAY2022
35245542,adequate,20JUL2022
35246626,adequate,18MAR2022
35246694,adequate,30JUN2022
35251539,good,31MAY2022
35254248,good,08AUG2022
35259227,good,29AUG2022
35273404,adequate,06MAY2022
35274099,good,27APR2022
35276570,good,21JUN2022
35283391,good,06APR2022
35293962,good,11MAR2022
35300177,good,18MAR2022
35305454,adequate,15JUN2022
35310454,good,16MAY2022
35327676,adequate,08SEP2022
35344423,adequate,29SEP2022
35346595,good,03JUN2022
35349898,good,06JUN2022
35356200,good,05SEP2022
35373628,good,15JUN2022
35374373,good,20MAY2022
35378562,good,19MAY2022
35378965,good,20JUL2022
35391141,good,23MAY2022
35399250,good,01FEB2022
35399939,good,08JUL2022
35400421,good,12JUL2022
35409917,adequate,14FEB2022
35417773,good,09MAY2022
35448410,adequate,24JUN2022
35457484,adequate,19SEP2022
35459190,good,18MAY2022
35465398,adequate,20MAY2022
35481248,adequate,28MAR2022
35481886,good,24JUN2022
35487572,good,30MAR2022
35508214,adequate,22JUN2022
35508943,adequate,21JUL2022
35519265,good,30SEP2022
35527240,good,28SEP2022
35536509,adequate,15AUG2022
35537160,adequate,05JUL2022
35553196,good,07MAR2022
35553350,good,14APR2022
35553939,good,09MAR2022
35555372,poor,23FEB2022
35563641,good,27JUL2022
35568597,good,17JUN2022
35574547,adequate,11MAR2022
35584848,adequate,01JUL2022
35602106,good,01APR2022
35610104,good,20MAY2022
35626063,good,15AUG2022
35627069,adequate,13APR2022
35632271,adequate,17MAY2022
35635627,good,17FEB2022
35648668,good,19AUG2022
35650633,poor,25APR2022
35655871,good,03JUN2022
35670048,adequate,18APR2022
35671876,adequate,25APR2022
35679336,good,14MAR2022
35683231,good,26MAY2022
35698180,adequate,07JUL2022
35702386,good,18AUG2022
35703188,adequate,03MAY2022
35704147,good,29SEP2022
35713658,good,09AUG2022
35728302,adequate,02AUG2022
35733057,good,11AUG2022
35755698,good,25FEB2022
35765929,good,13MAY2022
35784898,good,11MAR2022
35787772,good,18APR2022
35792568,good,02SEP2022
35801442,adequate,04AUG2022
35817982,good,18MAR2022
35822072,good,03JUN2022
35822244,good,30MAY2022
35824783,good,25MAY2022
35825466,adequate,24MAR2022
35834709,adequate,16MAY2022
35838353,good,16MAY2022
35850562,adequate,07JUL2022
35856816,good,08JUL2022
35859082,adequate,30MAY2022
35869619,adequate,26SEP2022
35875343,good,05APR2022
35891455,good,12AUG2022
35893044,adequate,16MAY2022
35897609,adequate,24MAY2022
35902453,good,21JUN2022
35905471,good,19AUG2022
35911009,good,17JUN2022
35911280,good,09SEP2022
35921517,good,16MAY2022
35923972,adequate,04FEB2022
35959212,good,02FEB2022
35964621,good,06SEP2022
35966746,adequate,17FEB2022
35982555,good,22SEP2022
35983791,good,05APR2022
35993401,good,04JUL2022
35993422,good,02AUG2022
36000022,good,02FEB2022
36009589,good,06JUL2022
36012408,adequate,27APR2022
36013706,good,01APR2022
36016739,adequate,23MAR2022
36023212,good,02JUN2022
36028036,poor,14JUL2022
36031442,good,08FEB2022
36048377,good,10AUG2022
